column	type	best_encoding	compression	winner_metric	physical_bytes	baseline_encoded_bytes	target_bytes	encoded_bytes	compressed_bytes	post_compression_no_encoding_bytes	post_compression_no_encoding_ratio	post_encoding_ratio	post_compression_ratio	encoding_compression_ratio_improvement_pct	codec_ratio	int_encoding	date_encoding	timestamp_encoding	string_encoding	experiment	result_file	column_stats_tsv
AdvEngineID	int16	rle-dict	zstd-3	compressed_bytes	40000	40064	461	680	461	650	61.636923	58.917647	86.906725	40.997831	1.475054	rle-dict	plain	plain	delta-byte-array	rows-10000-comp-zstd-3-int-rle-dict-str-delta-byte-array-date-plain-ts-plain	encoding_experiment/page-256kib-rgsize-10mib-file-10mib-dictpage-1mib/10000_rows/results/configs/2026-07-03_rows-10000-comp-zstd-3-int-rle-dict-str-delta-byte-array-date-plain-ts-plain.md	encoding_experiment/page-256kib-rgsize-10mib-file-10mib-dictpage-1mib/10000_rows/tsvs/2026-07-03_rows-10000-comp-zstd-3-int-rle-dict-str-delta-byte-array-date-plain-ts-plain_columns.tsv
Age	int16	rle-dict	zstd-3	compressed_bytes	40000	40064	1371	1981	1371	1493	26.834561	20.224129	29.222465	8.898614	1.444931	rle-dict	plain	plain	delta-byte-array	rows-10000-comp-zstd-3-int-rle-dict-str-delta-byte-array-date-plain-ts-plain	encoding_experiment/page-256kib-rgsize-10mib-file-10mib-dictpage-1mib/10000_rows/results/configs/2026-07-03_rows-10000-comp-zstd-3-int-rle-dict-str-delta-byte-array-date-plain-ts-plain.md	encoding_experiment/page-256kib-rgsize-10mib-file-10mib-dictpage-1mib/10000_rows/tsvs/2026-07-03_rows-10000-comp-zstd-3-int-rle-dict-str-delta-byte-array-date-plain-ts-plain_columns.tsv
BrowserCountry	string	rle-dict	zstd-3	compressed_bytes	32430	72490	653	1096	653	1131	64.093722	66.140511	111.010720	73.200613	1.678407	plain	plain	plain	rle-dict	rows-10000-comp-zstd-3-int-plain-str-rle-dict-date-plain-ts-plain	encoding_experiment/page-256kib-rgsize-10mib-file-10mib-dictpage-1mib/10000_rows/results/configs/2026-07-03_rows-10000-comp-zstd-3-int-plain-str-rle-dict-date-plain-ts-plain.md	encoding_experiment/page-256kib-rgsize-10mib-file-10mib-dictpage-1mib/10000_rows/tsvs/2026-07-03_rows-10000-comp-zstd-3-int-plain-str-rle-dict-date-plain-ts-plain_columns.tsv
BrowserLanguage	string	rle-dict	zstd-3	compressed_bytes	20156	60214	353	432	353	402	149.786070	139.384259	170.577904	13.881020	1.223796	plain	plain	plain	rle-dict	rows-10000-comp-zstd-3-int-plain-str-rle-dict-date-plain-ts-plain	encoding_experiment/page-256kib-rgsize-10mib-file-10mib-dictpage-1mib/10000_rows/results/configs/2026-07-03_rows-10000-comp-zstd-3-int-plain-str-rle-dict-date-plain-ts-plain.md	encoding_experiment/page-256kib-rgsize-10mib-file-10mib-dictpage-1mib/10000_rows/tsvs/2026-07-03_rows-10000-comp-zstd-3-int-plain-str-rle-dict-date-plain-ts-plain_columns.tsv
CLID	int32	plain	zstd-3	compressed_bytes	40000	40064	72	40061	72	72	556.444444	1.000075	556.444444	0.000000	556.402778	plain	plain	plain	delta-byte-array	rows-10000-comp-zstd-3-int-plain-str-delta-byte-array-date-plain-ts-plain	encoding_experiment/page-256kib-rgsize-10mib-file-10mib-dictpage-1mib/10000_rows/results/configs/2026-07-03_rows-10000-comp-zstd-3-int-plain-str-delta-byte-array-date-plain-ts-plain.md	encoding_experiment/page-256kib-rgsize-10mib-file-10mib-dictpage-1mib/10000_rows/tsvs/2026-07-03_rows-10000-comp-zstd-3-int-plain-str-delta-byte-array-date-plain-ts-plain_columns.tsv
ClientEventTime	timestamp_millis	plain	zstd-3	compressed_bytes	80000	80080	17067	80080	17067	17067	4.692096	1.000000	4.692096	0.000000	4.692096	plain	plain	plain	delta-byte-array	rows-10000-comp-zstd-3-int-plain-str-delta-byte-array-date-plain-ts-plain	encoding_experiment/page-256kib-rgsize-10mib-file-10mib-dictpage-1mib/10000_rows/results/configs/2026-07-03_rows-10000-comp-zstd-3-int-plain-str-delta-byte-array-date-plain-ts-plain.md	encoding_experiment/page-256kib-rgsize-10mib-file-10mib-dictpage-1mib/10000_rows/tsvs/2026-07-03_rows-10000-comp-zstd-3-int-plain-str-delta-byte-array-date-plain-ts-plain_columns.tsv
ClientIP	int32	plain	zstd-3	compressed_bytes	40000	40064	3641	40063	3641	3641	11.003570	1.000025	11.003570	0.000000	11.003296	plain	plain	plain	delta-byte-array	rows-10000-comp-zstd-3-int-plain-str-delta-byte-array-date-plain-ts-plain	encoding_experiment/page-256kib-rgsize-10mib-file-10mib-dictpage-1mib/10000_rows/results/configs/2026-07-03_rows-10000-comp-zstd-3-int-plain-str-delta-byte-array-date-plain-ts-plain.md	encoding_experiment/page-256kib-rgsize-10mib-file-10mib-dictpage-1mib/10000_rows/tsvs/2026-07-03_rows-10000-comp-zstd-3-int-plain-str-delta-byte-array-date-plain-ts-plain_columns.tsv
ClientTimeZone	int16	rle-dict	zstd-3	compressed_bytes	40000	40064	741	1228	741	809	49.522868	32.625407	54.067476	9.176788	1.657220	rle-dict	plain	plain	delta-byte-array	rows-10000-comp-zstd-3-int-rle-dict-str-delta-byte-array-date-plain-ts-plain	encoding_experiment/page-256kib-rgsize-10mib-file-10mib-dictpage-1mib/10000_rows/results/configs/2026-07-03_rows-10000-comp-zstd-3-int-rle-dict-str-delta-byte-array-date-plain-ts-plain.md	encoding_experiment/page-256kib-rgsize-10mib-file-10mib-dictpage-1mib/10000_rows/tsvs/2026-07-03_rows-10000-comp-zstd-3-int-rle-dict-str-delta-byte-array-date-plain-ts-plain_columns.tsv
CodeVersion	int32	rle-dict	none	encoded_bytes	40000	40064	231	231	231	40064	1.000000	173.437229			1.000000	rle-dict	plain	plain	delta-byte-array	rows-10000-comp-none-int-rle-dict-str-delta-byte-array-date-plain-ts-plain	encoding_experiment/page-256kib-rgsize-10mib-file-10mib-dictpage-1mib/10000_rows/results/configs/2026-07-03_rows-10000-comp-none-int-rle-dict-str-delta-byte-array-date-plain-ts-plain.md	encoding_experiment/page-256kib-rgsize-10mib-file-10mib-dictpage-1mib/10000_rows/tsvs/2026-07-03_rows-10000-comp-none-int-rle-dict-str-delta-byte-array-date-plain-ts-plain_columns.tsv
ConnectTiming	int32	plain	zstd-3	compressed_bytes	40000	40064	1748	40063	1748	1748	22.919908	1.000025	22.919908	0.000000	22.919336	plain	plain	plain	delta-byte-array	rows-10000-comp-zstd-3-int-plain-str-delta-byte-array-date-plain-ts-plain	encoding_experiment/page-256kib-rgsize-10mib-file-10mib-dictpage-1mib/10000_rows/results/configs/2026-07-03_rows-10000-comp-zstd-3-int-plain-str-delta-byte-array-date-plain-ts-plain.md	encoding_experiment/page-256kib-rgsize-10mib-file-10mib-dictpage-1mib/10000_rows/tsvs/2026-07-03_rows-10000-comp-zstd-3-int-plain-str-delta-byte-array-date-plain-ts-plain_columns.tsv
CookieEnable	int16	rle-dict	none	encoded_bytes	40000	40064	232	232	232	40064	1.000000	172.689655			1.000000	rle-dict	plain	plain	delta-byte-array	rows-10000-comp-none-int-rle-dict-str-delta-byte-array-date-plain-ts-plain	encoding_experiment/page-256kib-rgsize-10mib-file-10mib-dictpage-1mib/10000_rows/results/configs/2026-07-03_rows-10000-comp-none-int-rle-dict-str-delta-byte-array-date-plain-ts-plain.md	encoding_experiment/page-256kib-rgsize-10mib-file-10mib-dictpage-1mib/10000_rows/tsvs/2026-07-03_rows-10000-comp-none-int-rle-dict-str-delta-byte-array-date-plain-ts-plain_columns.tsv
CounterClass	int16	plain	zstd-3	compressed_bytes	40000	40064	72	40061	72	72	556.444444	1.000075	556.444444	0.000000	556.402778	plain	plain	plain	delta-byte-array	rows-10000-comp-zstd-3-int-plain-str-delta-byte-array-date-plain-ts-plain	encoding_experiment/page-256kib-rgsize-10mib-file-10mib-dictpage-1mib/10000_rows/results/configs/2026-07-03_rows-10000-comp-zstd-3-int-plain-str-delta-byte-array-date-plain-ts-plain.md	encoding_experiment/page-256kib-rgsize-10mib-file-10mib-dictpage-1mib/10000_rows/tsvs/2026-07-03_rows-10000-comp-zstd-3-int-plain-str-delta-byte-array-date-plain-ts-plain_columns.tsv
CounterID	int32	plain	zstd-3	compressed_bytes	40000	40064	89	40062	89	89	450.157303	1.000050	450.157303	0.000000	450.134831	plain	plain	plain	delta-byte-array	rows-10000-comp-zstd-3-int-plain-str-delta-byte-array-date-plain-ts-plain	encoding_experiment/page-256kib-rgsize-10mib-file-10mib-dictpage-1mib/10000_rows/results/configs/2026-07-03_rows-10000-comp-zstd-3-int-plain-str-delta-byte-array-date-plain-ts-plain.md	encoding_experiment/page-256kib-rgsize-10mib-file-10mib-dictpage-1mib/10000_rows/tsvs/2026-07-03_rows-10000-comp-zstd-3-int-plain-str-delta-byte-array-date-plain-ts-plain_columns.tsv
DNSTiming	int32	plain	zstd-3	compressed_bytes	40000	40063	839	40063	839	839	47.750894	1.000000	47.750894	0.000000	47.750894	plain	plain	plain	delta-byte-array	rows-10000-comp-zstd-3-int-plain-str-delta-byte-array-date-plain-ts-plain	encoding_experiment/page-256kib-rgsize-10mib-file-10mib-dictpage-1mib/10000_rows/results/configs/2026-07-03_rows-10000-comp-zstd-3-int-plain-str-delta-byte-array-date-plain-ts-plain.md	encoding_experiment/page-256kib-rgsize-10mib-file-10mib-dictpage-1mib/10000_rows/tsvs/2026-07-03_rows-10000-comp-zstd-3-int-plain-str-delta-byte-array-date-plain-ts-plain_columns.tsv
DontCountHits	int16	plain	zstd-3	compressed_bytes	40000	40064	176	40063	176	176	227.636364	1.000025	227.636364	0.000000	227.630682	plain	plain	plain	delta-byte-array	rows-10000-comp-zstd-3-int-plain-str-delta-byte-array-date-plain-ts-plain	encoding_experiment/page-256kib-rgsize-10mib-file-10mib-dictpage-1mib/10000_rows/results/configs/2026-07-03_rows-10000-comp-zstd-3-int-plain-str-delta-byte-array-date-plain-ts-plain.md	encoding_experiment/page-256kib-rgsize-10mib-file-10mib-dictpage-1mib/10000_rows/tsvs/2026-07-03_rows-10000-comp-zstd-3-int-plain-str-delta-byte-array-date-plain-ts-plain_columns.tsv
EventDate	date	plain	zstd-3	compressed_bytes	40000	40064	85	40062	85	85	471.341176	1.000050	471.341176	0.000000	471.317647	plain	plain	plain	delta-byte-array	rows-10000-comp-zstd-3-int-plain-str-delta-byte-array-date-plain-ts-plain	encoding_experiment/page-256kib-rgsize-10mib-file-10mib-dictpage-1mib/10000_rows/results/configs/2026-07-03_rows-10000-comp-zstd-3-int-plain-str-delta-byte-array-date-plain-ts-plain.md	encoding_experiment/page-256kib-rgsize-10mib-file-10mib-dictpage-1mib/10000_rows/tsvs/2026-07-03_rows-10000-comp-zstd-3-int-plain-str-delta-byte-array-date-plain-ts-plain_columns.tsv
EventTime	timestamp_millis	plain	zstd-3	compressed_bytes	80000	80080	18240	80080	18240	18240	4.390351	1.000000	4.390351	0.000000	4.390351	plain	plain	plain	delta-byte-array	rows-10000-comp-zstd-3-int-plain-str-delta-byte-array-date-plain-ts-plain	encoding_experiment/page-256kib-rgsize-10mib-file-10mib-dictpage-1mib/10000_rows/results/configs/2026-07-03_rows-10000-comp-zstd-3-int-plain-str-delta-byte-array-date-plain-ts-plain.md	encoding_experiment/page-256kib-rgsize-10mib-file-10mib-dictpage-1mib/10000_rows/tsvs/2026-07-03_rows-10000-comp-zstd-3-int-plain-str-delta-byte-array-date-plain-ts-plain_columns.tsv
FUniqID	int64	plain	zstd-3	compressed_bytes	80000	80080	6080	80079	6080	6080	13.171053	1.000012	13.171053	0.000000	13.170888	plain	plain	plain	delta-byte-array	rows-10000-comp-zstd-3-int-plain-str-delta-byte-array-date-plain-ts-plain	encoding_experiment/page-256kib-rgsize-10mib-file-10mib-dictpage-1mib/10000_rows/results/configs/2026-07-03_rows-10000-comp-zstd-3-int-plain-str-delta-byte-array-date-plain-ts-plain.md	encoding_experiment/page-256kib-rgsize-10mib-file-10mib-dictpage-1mib/10000_rows/tsvs/2026-07-03_rows-10000-comp-zstd-3-int-plain-str-delta-byte-array-date-plain-ts-plain_columns.tsv
FetchTiming	int32	plain	zstd-3	compressed_bytes	40000	40064	4732	40063	4732	4732	8.466610	1.000025	8.466610	0.000000	8.466399	plain	plain	plain	delta-byte-array	rows-10000-comp-zstd-3-int-plain-str-delta-byte-array-date-plain-ts-plain	encoding_experiment/page-256kib-rgsize-10mib-file-10mib-dictpage-1mib/10000_rows/results/configs/2026-07-03_rows-10000-comp-zstd-3-int-plain-str-delta-byte-array-date-plain-ts-plain.md	encoding_experiment/page-256kib-rgsize-10mib-file-10mib-dictpage-1mib/10000_rows/tsvs/2026-07-03_rows-10000-comp-zstd-3-int-plain-str-delta-byte-array-date-plain-ts-plain_columns.tsv
FlashMajor	int16	rle-dict	zstd-3	compressed_bytes	40000	40064	720	1184	720	791	50.649810	33.837838	55.644444	9.861111	1.644444	rle-dict	plain	plain	delta-byte-array	rows-10000-comp-zstd-3-int-rle-dict-str-delta-byte-array-date-plain-ts-plain	encoding_experiment/page-256kib-rgsize-10mib-file-10mib-dictpage-1mib/10000_rows/results/configs/2026-07-03_rows-10000-comp-zstd-3-int-rle-dict-str-delta-byte-array-date-plain-ts-plain.md	encoding_experiment/page-256kib-rgsize-10mib-file-10mib-dictpage-1mib/10000_rows/tsvs/2026-07-03_rows-10000-comp-zstd-3-int-rle-dict-str-delta-byte-array-date-plain-ts-plain_columns.tsv
FlashMinor	int16	rle-dict	zstd-3	compressed_bytes	40000	40064	1228	2093	1228	1238	32.361874	19.141902	32.625407	0.814332	1.704397	rle-dict	plain	plain	delta-byte-array	rows-10000-comp-zstd-3-int-rle-dict-str-delta-byte-array-date-plain-ts-plain	encoding_experiment/page-256kib-rgsize-10mib-file-10mib-dictpage-1mib/10000_rows/results/configs/2026-07-03_rows-10000-comp-zstd-3-int-rle-dict-str-delta-byte-array-date-plain-ts-plain.md	encoding_experiment/page-256kib-rgsize-10mib-file-10mib-dictpage-1mib/10000_rows/tsvs/2026-07-03_rows-10000-comp-zstd-3-int-rle-dict-str-delta-byte-array-date-plain-ts-plain_columns.tsv
FlashMinor2	string	rle-dict	zstd-3	compressed_bytes	37170	77230	1692	2794	1692	2686	28.752792	27.641374	45.644208	58.747045	1.651300	plain	plain	plain	rle-dict	rows-10000-comp-zstd-3-int-plain-str-rle-dict-date-plain-ts-plain	encoding_experiment/page-256kib-rgsize-10mib-file-10mib-dictpage-1mib/10000_rows/results/configs/2026-07-03_rows-10000-comp-zstd-3-int-plain-str-rle-dict-date-plain-ts-plain.md	encoding_experiment/page-256kib-rgsize-10mib-file-10mib-dictpage-1mib/10000_rows/tsvs/2026-07-03_rows-10000-comp-zstd-3-int-plain-str-rle-dict-date-plain-ts-plain_columns.tsv
FromTag	string	plain	zstd-3	compressed_bytes	0	40040	48	40037	48	48	834.166667	1.000075	834.166667	0.000000	834.104167	plain	plain	plain	plain	rows-10000-comp-zstd-3-int-plain-str-plain-date-plain-ts-plain	encoding_experiment/page-256kib-rgsize-10mib-file-10mib-dictpage-1mib/10000_rows/results/configs/2026-07-03_rows-10000-comp-zstd-3-int-plain-str-plain-date-plain-ts-plain.md	encoding_experiment/page-256kib-rgsize-10mib-file-10mib-dictpage-1mib/10000_rows/tsvs/2026-07-03_rows-10000-comp-zstd-3-int-plain-str-plain-date-plain-ts-plain_columns.tsv
GoodEvent	int16	plain	zstd-3	compressed_bytes	40000	40063	85	40062	85	85	471.329412	1.000025	471.329412	0.000000	471.317647	plain	plain	plain	delta-byte-array	rows-10000-comp-zstd-3-int-plain-str-delta-byte-array-date-plain-ts-plain	encoding_experiment/page-256kib-rgsize-10mib-file-10mib-dictpage-1mib/10000_rows/results/configs/2026-07-03_rows-10000-comp-zstd-3-int-plain-str-delta-byte-array-date-plain-ts-plain.md	encoding_experiment/page-256kib-rgsize-10mib-file-10mib-dictpage-1mib/10000_rows/tsvs/2026-07-03_rows-10000-comp-zstd-3-int-plain-str-delta-byte-array-date-plain-ts-plain_columns.tsv
HID	int32	plain	zstd-3	compressed_bytes	40000	40064	24108	40064	24108	24108	1.661855	1.000000	1.661855	0.000000	1.661855	plain	plain	plain	delta-byte-array	rows-10000-comp-zstd-3-int-plain-str-delta-byte-array-date-plain-ts-plain	encoding_experiment/page-256kib-rgsize-10mib-file-10mib-dictpage-1mib/10000_rows/results/configs/2026-07-03_rows-10000-comp-zstd-3-int-plain-str-delta-byte-array-date-plain-ts-plain.md	encoding_experiment/page-256kib-rgsize-10mib-file-10mib-dictpage-1mib/10000_rows/tsvs/2026-07-03_rows-10000-comp-zstd-3-int-plain-str-delta-byte-array-date-plain-ts-plain_columns.tsv
HTTPError	int16	plain	zstd-3	compressed_bytes	40000	40064	72	40061	72	72	556.444444	1.000075	556.444444	0.000000	556.402778	plain	plain	plain	delta-byte-array	rows-10000-comp-zstd-3-int-plain-str-delta-byte-array-date-plain-ts-plain	encoding_experiment/page-256kib-rgsize-10mib-file-10mib-dictpage-1mib/10000_rows/results/configs/2026-07-03_rows-10000-comp-zstd-3-int-plain-str-delta-byte-array-date-plain-ts-plain.md	encoding_experiment/page-256kib-rgsize-10mib-file-10mib-dictpage-1mib/10000_rows/tsvs/2026-07-03_rows-10000-comp-zstd-3-int-plain-str-delta-byte-array-date-plain-ts-plain_columns.tsv
HasGCLID	int16	rle-dict	snappy	compressed_bytes	40000	40064	384	397	384	2273	17.626045	100.916877	104.333333	491.927083	1.033854	rle-dict	plain	plain	delta-byte-array	rows-10000-comp-snappy-int-rle-dict-str-delta-byte-array-date-plain-ts-plain	encoding_experiment/page-256kib-rgsize-10mib-file-10mib-dictpage-1mib/10000_rows/results/configs/2026-07-03_rows-10000-comp-snappy-int-rle-dict-str-delta-byte-array-date-plain-ts-plain.md	encoding_experiment/page-256kib-rgsize-10mib-file-10mib-dictpage-1mib/10000_rows/tsvs/2026-07-03_rows-10000-comp-snappy-int-rle-dict-str-delta-byte-array-date-plain-ts-plain_columns.tsv
HistoryLength	int16	plain	zstd-3	compressed_bytes	40000	40064	95	40061	95	95	421.726316	1.000075	421.726316	0.000000	421.694737	plain	plain	plain	delta-byte-array	rows-10000-comp-zstd-3-int-plain-str-delta-byte-array-date-plain-ts-plain	encoding_experiment/page-256kib-rgsize-10mib-file-10mib-dictpage-1mib/10000_rows/results/configs/2026-07-03_rows-10000-comp-zstd-3-int-plain-str-delta-byte-array-date-plain-ts-plain.md	encoding_experiment/page-256kib-rgsize-10mib-file-10mib-dictpage-1mib/10000_rows/tsvs/2026-07-03_rows-10000-comp-zstd-3-int-plain-str-delta-byte-array-date-plain-ts-plain_columns.tsv
HitColor	string	rle-dict	none	encoded_bytes	10000	50052	121	121	121	50052	1.000000	413.652893			1.000000	plain	plain	plain	rle-dict	rows-10000-comp-none-int-plain-str-rle-dict-date-plain-ts-plain	encoding_experiment/page-256kib-rgsize-10mib-file-10mib-dictpage-1mib/10000_rows/results/configs/2026-07-03_rows-10000-comp-none-int-plain-str-rle-dict-date-plain-ts-plain.md	encoding_experiment/page-256kib-rgsize-10mib-file-10mib-dictpage-1mib/10000_rows/tsvs/2026-07-03_rows-10000-comp-none-int-plain-str-rle-dict-date-plain-ts-plain_columns.tsv
IPNetworkID	int32	plain	zstd-3	compressed_bytes	40000	40064	2953	40063	2953	2953	13.567220	1.000025	13.567220	0.000000	13.566881	plain	plain	plain	delta-byte-array	rows-10000-comp-zstd-3-int-plain-str-delta-byte-array-date-plain-ts-plain	encoding_experiment/page-256kib-rgsize-10mib-file-10mib-dictpage-1mib/10000_rows/results/configs/2026-07-03_rows-10000-comp-zstd-3-int-plain-str-delta-byte-array-date-plain-ts-plain.md	encoding_experiment/page-256kib-rgsize-10mib-file-10mib-dictpage-1mib/10000_rows/tsvs/2026-07-03_rows-10000-comp-zstd-3-int-plain-str-delta-byte-array-date-plain-ts-plain_columns.tsv
Income	int16	rle-dict	zstd-3	compressed_bytes	40000	40064	981	1474	981	1273	31.472113	27.180461	40.839959	29.765545	1.502548	rle-dict	plain	plain	delta-byte-array	rows-10000-comp-zstd-3-int-rle-dict-str-delta-byte-array-date-plain-ts-plain	encoding_experiment/page-256kib-rgsize-10mib-file-10mib-dictpage-1mib/10000_rows/results/configs/2026-07-03_rows-10000-comp-zstd-3-int-rle-dict-str-delta-byte-array-date-plain-ts-plain.md	encoding_experiment/page-256kib-rgsize-10mib-file-10mib-dictpage-1mib/10000_rows/tsvs/2026-07-03_rows-10000-comp-zstd-3-int-rle-dict-str-delta-byte-array-date-plain-ts-plain_columns.tsv
Interests	int16	plain	zstd-3	compressed_bytes	40000	40064	1861	40062	1861	1861	21.528211	1.000050	21.528211	0.000000	21.527136	plain	plain	plain	delta-byte-array	rows-10000-comp-zstd-3-int-plain-str-delta-byte-array-date-plain-ts-plain	encoding_experiment/page-256kib-rgsize-10mib-file-10mib-dictpage-1mib/10000_rows/results/configs/2026-07-03_rows-10000-comp-zstd-3-int-plain-str-delta-byte-array-date-plain-ts-plain.md	encoding_experiment/page-256kib-rgsize-10mib-file-10mib-dictpage-1mib/10000_rows/tsvs/2026-07-03_rows-10000-comp-zstd-3-int-plain-str-delta-byte-array-date-plain-ts-plain_columns.tsv
IsArtifical	int16	rle-dict	none	encoded_bytes	40000	40064	1352	1352	1352	40064	1.000000	29.633136			1.000000	rle-dict	plain	plain	delta-byte-array	rows-10000-comp-none-int-rle-dict-str-delta-byte-array-date-plain-ts-plain	encoding_experiment/page-256kib-rgsize-10mib-file-10mib-dictpage-1mib/10000_rows/results/configs/2026-07-03_rows-10000-comp-none-int-rle-dict-str-delta-byte-array-date-plain-ts-plain.md	encoding_experiment/page-256kib-rgsize-10mib-file-10mib-dictpage-1mib/10000_rows/tsvs/2026-07-03_rows-10000-comp-none-int-rle-dict-str-delta-byte-array-date-plain-ts-plain_columns.tsv
IsDownload	int16	plain	zstd-3	compressed_bytes	40000	40064	72	40061	72	72	556.444444	1.000075	556.444444	0.000000	556.402778	plain	plain	plain	delta-byte-array	rows-10000-comp-zstd-3-int-plain-str-delta-byte-array-date-plain-ts-plain	encoding_experiment/page-256kib-rgsize-10mib-file-10mib-dictpage-1mib/10000_rows/results/configs/2026-07-03_rows-10000-comp-zstd-3-int-plain-str-delta-byte-array-date-plain-ts-plain.md	encoding_experiment/page-256kib-rgsize-10mib-file-10mib-dictpage-1mib/10000_rows/tsvs/2026-07-03_rows-10000-comp-zstd-3-int-plain-str-delta-byte-array-date-plain-ts-plain_columns.tsv
IsEvent	int16	plain	zstd-3	compressed_bytes	40000	40064	72	40061	72	72	556.444444	1.000075	556.444444	0.000000	556.402778	plain	plain	plain	delta-byte-array	rows-10000-comp-zstd-3-int-plain-str-delta-byte-array-date-plain-ts-plain	encoding_experiment/page-256kib-rgsize-10mib-file-10mib-dictpage-1mib/10000_rows/results/configs/2026-07-03_rows-10000-comp-zstd-3-int-plain-str-delta-byte-array-date-plain-ts-plain.md	encoding_experiment/page-256kib-rgsize-10mib-file-10mib-dictpage-1mib/10000_rows/tsvs/2026-07-03_rows-10000-comp-zstd-3-int-plain-str-delta-byte-array-date-plain-ts-plain_columns.tsv
IsLink	int16	plain	zstd-3	compressed_bytes	40000	40064	72	40061	72	72	556.444444	1.000075	556.444444	0.000000	556.402778	plain	plain	plain	delta-byte-array	rows-10000-comp-zstd-3-int-plain-str-delta-byte-array-date-plain-ts-plain	encoding_experiment/page-256kib-rgsize-10mib-file-10mib-dictpage-1mib/10000_rows/results/configs/2026-07-03_rows-10000-comp-zstd-3-int-plain-str-delta-byte-array-date-plain-ts-plain.md	encoding_experiment/page-256kib-rgsize-10mib-file-10mib-dictpage-1mib/10000_rows/tsvs/2026-07-03_rows-10000-comp-zstd-3-int-plain-str-delta-byte-array-date-plain-ts-plain_columns.tsv
IsMobile	int16	plain	zstd-3	compressed_bytes	40000	40064	296	40063	296	296	135.351351	1.000025	135.351351	0.000000	135.347973	plain	plain	plain	delta-byte-array	rows-10000-comp-zstd-3-int-plain-str-delta-byte-array-date-plain-ts-plain	encoding_experiment/page-256kib-rgsize-10mib-file-10mib-dictpage-1mib/10000_rows/results/configs/2026-07-03_rows-10000-comp-zstd-3-int-plain-str-delta-byte-array-date-plain-ts-plain.md	encoding_experiment/page-256kib-rgsize-10mib-file-10mib-dictpage-1mib/10000_rows/tsvs/2026-07-03_rows-10000-comp-zstd-3-int-plain-str-delta-byte-array-date-plain-ts-plain_columns.tsv
IsNotBounce	int16	plain	zstd-3	compressed_bytes	40000	40064	72	40061	72	72	556.444444	1.000075	556.444444	0.000000	556.402778	plain	plain	plain	delta-byte-array	rows-10000-comp-zstd-3-int-plain-str-delta-byte-array-date-plain-ts-plain	encoding_experiment/page-256kib-rgsize-10mib-file-10mib-dictpage-1mib/10000_rows/results/configs/2026-07-03_rows-10000-comp-zstd-3-int-plain-str-delta-byte-array-date-plain-ts-plain.md	encoding_experiment/page-256kib-rgsize-10mib-file-10mib-dictpage-1mib/10000_rows/tsvs/2026-07-03_rows-10000-comp-zstd-3-int-plain-str-delta-byte-array-date-plain-ts-plain_columns.tsv
IsOldCounter	int16	plain	zstd-3	compressed_bytes	40000	40064	72	40061	72	72	556.444444	1.000075	556.444444	0.000000	556.402778	plain	plain	plain	delta-byte-array	rows-10000-comp-zstd-3-int-plain-str-delta-byte-array-date-plain-ts-plain	encoding_experiment/page-256kib-rgsize-10mib-file-10mib-dictpage-1mib/10000_rows/results/configs/2026-07-03_rows-10000-comp-zstd-3-int-plain-str-delta-byte-array-date-plain-ts-plain.md	encoding_experiment/page-256kib-rgsize-10mib-file-10mib-dictpage-1mib/10000_rows/tsvs/2026-07-03_rows-10000-comp-zstd-3-int-plain-str-delta-byte-array-date-plain-ts-plain_columns.tsv
IsParameter	int16	plain	zstd-3	compressed_bytes	40000	40064	72	40061	72	72	556.444444	1.000075	556.444444	0.000000	556.402778	plain	plain	plain	delta-byte-array	rows-10000-comp-zstd-3-int-plain-str-delta-byte-array-date-plain-ts-plain	encoding_experiment/page-256kib-rgsize-10mib-file-10mib-dictpage-1mib/10000_rows/results/configs/2026-07-03_rows-10000-comp-zstd-3-int-plain-str-delta-byte-array-date-plain-ts-plain.md	encoding_experiment/page-256kib-rgsize-10mib-file-10mib-dictpage-1mib/10000_rows/tsvs/2026-07-03_rows-10000-comp-zstd-3-int-plain-str-delta-byte-array-date-plain-ts-plain_columns.tsv
IsRefresh	int16	rle-dict	none	encoded_bytes	40000	40064	1353	1353	1353	40064	1.000000	29.611234			1.000000	rle-dict	plain	plain	delta-byte-array	rows-10000-comp-none-int-rle-dict-str-delta-byte-array-date-plain-ts-plain	encoding_experiment/page-256kib-rgsize-10mib-file-10mib-dictpage-1mib/10000_rows/results/configs/2026-07-03_rows-10000-comp-none-int-rle-dict-str-delta-byte-array-date-plain-ts-plain.md	encoding_experiment/page-256kib-rgsize-10mib-file-10mib-dictpage-1mib/10000_rows/tsvs/2026-07-03_rows-10000-comp-none-int-rle-dict-str-delta-byte-array-date-plain-ts-plain_columns.tsv
JavaEnable	int16	rle-dict	zstd-3	compressed_bytes	40000	40064	585	851	585	705	56.828369	47.078731	68.485470	20.512821	1.454701	rle-dict	plain	plain	delta-byte-array	rows-10000-comp-zstd-3-int-rle-dict-str-delta-byte-array-date-plain-ts-plain	encoding_experiment/page-256kib-rgsize-10mib-file-10mib-dictpage-1mib/10000_rows/results/configs/2026-07-03_rows-10000-comp-zstd-3-int-rle-dict-str-delta-byte-array-date-plain-ts-plain.md	encoding_experiment/page-256kib-rgsize-10mib-file-10mib-dictpage-1mib/10000_rows/tsvs/2026-07-03_rows-10000-comp-zstd-3-int-rle-dict-str-delta-byte-array-date-plain-ts-plain_columns.tsv
JavascriptEnable	int16	plain	zstd-3	compressed_bytes	40000	40064	202	40063	202	202	198.336634	1.000025	198.336634	0.000000	198.331683	plain	plain	plain	delta-byte-array	rows-10000-comp-zstd-3-int-plain-str-delta-byte-array-date-plain-ts-plain	encoding_experiment/page-256kib-rgsize-10mib-file-10mib-dictpage-1mib/10000_rows/results/configs/2026-07-03_rows-10000-comp-zstd-3-int-plain-str-delta-byte-array-date-plain-ts-plain.md	encoding_experiment/page-256kib-rgsize-10mib-file-10mib-dictpage-1mib/10000_rows/tsvs/2026-07-03_rows-10000-comp-zstd-3-int-plain-str-delta-byte-array-date-plain-ts-plain_columns.tsv
LocalEventTime	timestamp_millis	plain	zstd-3	compressed_bytes	80000	80080	18356	80080	18356	18356	4.362606	1.000000	4.362606	0.000000	4.362606	plain	plain	plain	delta-byte-array	rows-10000-comp-zstd-3-int-plain-str-delta-byte-array-date-plain-ts-plain	encoding_experiment/page-256kib-rgsize-10mib-file-10mib-dictpage-1mib/10000_rows/results/configs/2026-07-03_rows-10000-comp-zstd-3-int-plain-str-delta-byte-array-date-plain-ts-plain.md	encoding_experiment/page-256kib-rgsize-10mib-file-10mib-dictpage-1mib/10000_rows/tsvs/2026-07-03_rows-10000-comp-zstd-3-int-plain-str-delta-byte-array-date-plain-ts-plain_columns.tsv
MobilePhone	int16	plain	zstd-3	compressed_bytes	40000	40064	278	40063	278	278	144.115108	1.000025	144.115108	0.000000	144.111511	plain	plain	plain	delta-byte-array	rows-10000-comp-zstd-3-int-plain-str-delta-byte-array-date-plain-ts-plain	encoding_experiment/page-256kib-rgsize-10mib-file-10mib-dictpage-1mib/10000_rows/results/configs/2026-07-03_rows-10000-comp-zstd-3-int-plain-str-delta-byte-array-date-plain-ts-plain.md	encoding_experiment/page-256kib-rgsize-10mib-file-10mib-dictpage-1mib/10000_rows/tsvs/2026-07-03_rows-10000-comp-zstd-3-int-plain-str-delta-byte-array-date-plain-ts-plain_columns.tsv
MobilePhoneModel	string	rle-dict	none	encoded_bytes	1140	41196	216	216	216	41196	1.000000	190.722222			1.000000	plain	plain	plain	rle-dict	rows-10000-comp-none-int-plain-str-rle-dict-date-plain-ts-plain	encoding_experiment/page-256kib-rgsize-10mib-file-10mib-dictpage-1mib/10000_rows/results/configs/2026-07-03_rows-10000-comp-none-int-plain-str-rle-dict-date-plain-ts-plain.md	encoding_experiment/page-256kib-rgsize-10mib-file-10mib-dictpage-1mib/10000_rows/tsvs/2026-07-03_rows-10000-comp-none-int-plain-str-rle-dict-date-plain-ts-plain_columns.tsv
NetMajor	int16	plain	zstd-3	compressed_bytes	40000	40064	340	40063	340	340	117.835294	1.000025	117.835294	0.000000	117.832353	plain	plain	plain	delta-byte-array	rows-10000-comp-zstd-3-int-plain-str-delta-byte-array-date-plain-ts-plain	encoding_experiment/page-256kib-rgsize-10mib-file-10mib-dictpage-1mib/10000_rows/results/configs/2026-07-03_rows-10000-comp-zstd-3-int-plain-str-delta-byte-array-date-plain-ts-plain.md	encoding_experiment/page-256kib-rgsize-10mib-file-10mib-dictpage-1mib/10000_rows/tsvs/2026-07-03_rows-10000-comp-zstd-3-int-plain-str-delta-byte-array-date-plain-ts-plain_columns.tsv
NetMinor	int16	rle-dict	zstd-3	compressed_bytes	40000	40064	334	438	334	354	113.175141	91.470320	119.952096	5.988024	1.311377	rle-dict	plain	plain	delta-byte-array	rows-10000-comp-zstd-3-int-rle-dict-str-delta-byte-array-date-plain-ts-plain	encoding_experiment/page-256kib-rgsize-10mib-file-10mib-dictpage-1mib/10000_rows/results/configs/2026-07-03_rows-10000-comp-zstd-3-int-rle-dict-str-delta-byte-array-date-plain-ts-plain.md	encoding_experiment/page-256kib-rgsize-10mib-file-10mib-dictpage-1mib/10000_rows/tsvs/2026-07-03_rows-10000-comp-zstd-3-int-rle-dict-str-delta-byte-array-date-plain-ts-plain_columns.tsv
OS	int16	plain	zstd-3	compressed_bytes	40000	40064	955	40063	955	955	41.951832	1.000025	41.951832	0.000000	41.950785	plain	plain	plain	delta-byte-array	rows-10000-comp-zstd-3-int-plain-str-delta-byte-array-date-plain-ts-plain	encoding_experiment/page-256kib-rgsize-10mib-file-10mib-dictpage-1mib/10000_rows/results/configs/2026-07-03_rows-10000-comp-zstd-3-int-plain-str-delta-byte-array-date-plain-ts-plain.md	encoding_experiment/page-256kib-rgsize-10mib-file-10mib-dictpage-1mib/10000_rows/tsvs/2026-07-03_rows-10000-comp-zstd-3-int-plain-str-delta-byte-array-date-plain-ts-plain_columns.tsv
OpenerName	int32	plain	zstd-3	compressed_bytes	40000	40064	73	40062	73	73	548.821918	1.000050	548.821918	0.000000	548.794521	plain	plain	plain	delta-byte-array	rows-10000-comp-zstd-3-int-plain-str-delta-byte-array-date-plain-ts-plain	encoding_experiment/page-256kib-rgsize-10mib-file-10mib-dictpage-1mib/10000_rows/results/configs/2026-07-03_rows-10000-comp-zstd-3-int-plain-str-delta-byte-array-date-plain-ts-plain.md	encoding_experiment/page-256kib-rgsize-10mib-file-10mib-dictpage-1mib/10000_rows/tsvs/2026-07-03_rows-10000-comp-zstd-3-int-plain-str-delta-byte-array-date-plain-ts-plain_columns.tsv
OpenstatAdID	string	rle-dict	zstd-3	compressed_bytes	358	40426	288	340	288	297	136.114478	118.900000	140.368056	3.125000	1.180556	plain	plain	plain	rle-dict	rows-10000-comp-zstd-3-int-plain-str-rle-dict-date-plain-ts-plain	encoding_experiment/page-256kib-rgsize-10mib-file-10mib-dictpage-1mib/10000_rows/results/configs/2026-07-03_rows-10000-comp-zstd-3-int-plain-str-rle-dict-date-plain-ts-plain.md	encoding_experiment/page-256kib-rgsize-10mib-file-10mib-dictpage-1mib/10000_rows/tsvs/2026-07-03_rows-10000-comp-zstd-3-int-plain-str-rle-dict-date-plain-ts-plain_columns.tsv
OpenstatCampaignID	string	rle-dict	none	encoded_bytes	272	40340	213	213	213	40340	1.000000	189.389671			1.000000	plain	plain	plain	rle-dict	rows-10000-comp-none-int-plain-str-rle-dict-date-plain-ts-plain	encoding_experiment/page-256kib-rgsize-10mib-file-10mib-dictpage-1mib/10000_rows/results/configs/2026-07-03_rows-10000-comp-none-int-plain-str-rle-dict-date-plain-ts-plain.md	encoding_experiment/page-256kib-rgsize-10mib-file-10mib-dictpage-1mib/10000_rows/tsvs/2026-07-03_rows-10000-comp-none-int-plain-str-rle-dict-date-plain-ts-plain_columns.tsv
OpenstatServiceName	string	rle-dict	none	encoded_bytes	560	40640	201	201	201	40640	1.000000	202.189055			1.000000	plain	plain	plain	rle-dict	rows-10000-comp-none-int-plain-str-rle-dict-date-plain-ts-plain	encoding_experiment/page-256kib-rgsize-10mib-file-10mib-dictpage-1mib/10000_rows/results/configs/2026-07-03_rows-10000-comp-none-int-plain-str-rle-dict-date-plain-ts-plain.md	encoding_experiment/page-256kib-rgsize-10mib-file-10mib-dictpage-1mib/10000_rows/tsvs/2026-07-03_rows-10000-comp-none-int-plain-str-rle-dict-date-plain-ts-plain_columns.tsv
OpenstatSourceID	string	rle-dict	snappy	compressed_bytes	692	40776	236	250	236	2240	18.203571	163.104000	172.779661	849.152542	1.059322	plain	plain	plain	rle-dict	rows-10000-comp-snappy-int-plain-str-rle-dict-date-plain-ts-plain	encoding_experiment/page-256kib-rgsize-10mib-file-10mib-dictpage-1mib/10000_rows/results/configs/2026-07-03_rows-10000-comp-snappy-int-plain-str-rle-dict-date-plain-ts-plain.md	encoding_experiment/page-256kib-rgsize-10mib-file-10mib-dictpage-1mib/10000_rows/tsvs/2026-07-03_rows-10000-comp-snappy-int-plain-str-rle-dict-date-plain-ts-plain_columns.tsv
OriginalURL	string	rle-dict	zstd-3	compressed_bytes	74750	115520	8962	32330	8962	9582	12.055938	3.573152	12.889980	6.918099	3.607454	plain	plain	plain	rle-dict	rows-10000-comp-zstd-3-int-plain-str-rle-dict-date-plain-ts-plain	encoding_experiment/page-256kib-rgsize-10mib-file-10mib-dictpage-1mib/10000_rows/results/configs/2026-07-03_rows-10000-comp-zstd-3-int-plain-str-rle-dict-date-plain-ts-plain.md	encoding_experiment/page-256kib-rgsize-10mib-file-10mib-dictpage-1mib/10000_rows/tsvs/2026-07-03_rows-10000-comp-zstd-3-int-plain-str-rle-dict-date-plain-ts-plain_columns.tsv
PageCharset	string	rle-dict	none	encoded_bytes	196540	236628	280	280	280	236628	1.000000	845.100000			1.000000	plain	plain	plain	rle-dict	rows-10000-comp-none-int-plain-str-rle-dict-date-plain-ts-plain	encoding_experiment/page-256kib-rgsize-10mib-file-10mib-dictpage-1mib/10000_rows/results/configs/2026-07-03_rows-10000-comp-none-int-plain-str-rle-dict-date-plain-ts-plain.md	encoding_experiment/page-256kib-rgsize-10mib-file-10mib-dictpage-1mib/10000_rows/tsvs/2026-07-03_rows-10000-comp-none-int-plain-str-rle-dict-date-plain-ts-plain_columns.tsv
ParamCurrency	string	rle-dict	none	encoded_bytes	30000	70060	85	85	85	70060	1.000000	824.235294			1.000000	plain	plain	plain	rle-dict	rows-10000-comp-none-int-plain-str-rle-dict-date-plain-ts-plain	encoding_experiment/page-256kib-rgsize-10mib-file-10mib-dictpage-1mib/10000_rows/results/configs/2026-07-03_rows-10000-comp-none-int-plain-str-rle-dict-date-plain-ts-plain.md	encoding_experiment/page-256kib-rgsize-10mib-file-10mib-dictpage-1mib/10000_rows/tsvs/2026-07-03_rows-10000-comp-none-int-plain-str-rle-dict-date-plain-ts-plain_columns.tsv
ParamCurrencyID	int16	plain	zstd-3	compressed_bytes	40000	40064	72	40061	72	72	556.444444	1.000075	556.444444	0.000000	556.402778	plain	plain	plain	delta-byte-array	rows-10000-comp-zstd-3-int-plain-str-delta-byte-array-date-plain-ts-plain	encoding_experiment/page-256kib-rgsize-10mib-file-10mib-dictpage-1mib/10000_rows/results/configs/2026-07-03_rows-10000-comp-zstd-3-int-plain-str-delta-byte-array-date-plain-ts-plain.md	encoding_experiment/page-256kib-rgsize-10mib-file-10mib-dictpage-1mib/10000_rows/tsvs/2026-07-03_rows-10000-comp-zstd-3-int-plain-str-delta-byte-array-date-plain-ts-plain_columns.tsv
ParamOrderID	string	plain	zstd-3	compressed_bytes	0	40040	48	40037	48	48	834.166667	1.000075	834.166667	0.000000	834.104167	plain	plain	plain	plain	rows-10000-comp-zstd-3-int-plain-str-plain-date-plain-ts-plain	encoding_experiment/page-256kib-rgsize-10mib-file-10mib-dictpage-1mib/10000_rows/results/configs/2026-07-03_rows-10000-comp-zstd-3-int-plain-str-plain-date-plain-ts-plain.md	encoding_experiment/page-256kib-rgsize-10mib-file-10mib-dictpage-1mib/10000_rows/tsvs/2026-07-03_rows-10000-comp-zstd-3-int-plain-str-plain-date-plain-ts-plain_columns.tsv
ParamPrice	int64	plain	zstd-3	compressed_bytes	80000	80080	91	80078	91	91	880.000000	1.000025	880.000000	0.000000	879.978022	plain	plain	plain	delta-byte-array	rows-10000-comp-zstd-3-int-plain-str-delta-byte-array-date-plain-ts-plain	encoding_experiment/page-256kib-rgsize-10mib-file-10mib-dictpage-1mib/10000_rows/results/configs/2026-07-03_rows-10000-comp-zstd-3-int-plain-str-delta-byte-array-date-plain-ts-plain.md	encoding_experiment/page-256kib-rgsize-10mib-file-10mib-dictpage-1mib/10000_rows/tsvs/2026-07-03_rows-10000-comp-zstd-3-int-plain-str-delta-byte-array-date-plain-ts-plain_columns.tsv
Params	string	plain	zstd-3	compressed_bytes	0	40040	48	40037	48	48	834.166667	1.000075	834.166667	0.000000	834.104167	plain	plain	plain	plain	rows-10000-comp-zstd-3-int-plain-str-plain-date-plain-ts-plain	encoding_experiment/page-256kib-rgsize-10mib-file-10mib-dictpage-1mib/10000_rows/results/configs/2026-07-03_rows-10000-comp-zstd-3-int-plain-str-plain-date-plain-ts-plain.md	encoding_experiment/page-256kib-rgsize-10mib-file-10mib-dictpage-1mib/10000_rows/tsvs/2026-07-03_rows-10000-comp-zstd-3-int-plain-str-plain-date-plain-ts-plain_columns.tsv
Referer	string	rle-dict	zstd-3	compressed_bytes	797798	838447	82816	233930	82816	101845	8.232579	3.584179	10.124215	22.977444	2.824696	plain	plain	plain	rle-dict	rows-10000-comp-zstd-3-int-plain-str-rle-dict-date-plain-ts-plain	encoding_experiment/page-256kib-rgsize-10mib-file-10mib-dictpage-1mib/10000_rows/results/configs/2026-07-03_rows-10000-comp-zstd-3-int-plain-str-rle-dict-date-plain-ts-plain.md	encoding_experiment/page-256kib-rgsize-10mib-file-10mib-dictpage-1mib/10000_rows/tsvs/2026-07-03_rows-10000-comp-zstd-3-int-plain-str-rle-dict-date-plain-ts-plain_columns.tsv
RefererCategoryID	int16	rle-dict	zstd-3	compressed_bytes	40000	40064	2204	4330	2204	2611	15.344313	9.252656	18.177858	18.466425	1.964610	rle-dict	plain	plain	delta-byte-array	rows-10000-comp-zstd-3-int-rle-dict-str-delta-byte-array-date-plain-ts-plain	encoding_experiment/page-256kib-rgsize-10mib-file-10mib-dictpage-1mib/10000_rows/results/configs/2026-07-03_rows-10000-comp-zstd-3-int-rle-dict-str-delta-byte-array-date-plain-ts-plain.md	encoding_experiment/page-256kib-rgsize-10mib-file-10mib-dictpage-1mib/10000_rows/tsvs/2026-07-03_rows-10000-comp-zstd-3-int-rle-dict-str-delta-byte-array-date-plain-ts-plain_columns.tsv
RefererHash	int64	plain	zstd-3	compressed_bytes	80000	80080	23587	80080	23587	23587	3.395091	1.000000	3.395091	0.000000	3.395091	plain	plain	plain	delta-byte-array	rows-10000-comp-zstd-3-int-plain-str-delta-byte-array-date-plain-ts-plain	encoding_experiment/page-256kib-rgsize-10mib-file-10mib-dictpage-1mib/10000_rows/results/configs/2026-07-03_rows-10000-comp-zstd-3-int-plain-str-delta-byte-array-date-plain-ts-plain.md	encoding_experiment/page-256kib-rgsize-10mib-file-10mib-dictpage-1mib/10000_rows/tsvs/2026-07-03_rows-10000-comp-zstd-3-int-plain-str-delta-byte-array-date-plain-ts-plain_columns.tsv
RefererRegionID	int32	rle-dict	zstd-3	compressed_bytes	40000	40064	1764	3616	1764	2656	15.084337	11.079646	22.712018	50.566893	2.049887	rle-dict	plain	plain	delta-byte-array	rows-10000-comp-zstd-3-int-rle-dict-str-delta-byte-array-date-plain-ts-plain	encoding_experiment/page-256kib-rgsize-10mib-file-10mib-dictpage-1mib/10000_rows/results/configs/2026-07-03_rows-10000-comp-zstd-3-int-rle-dict-str-delta-byte-array-date-plain-ts-plain.md	encoding_experiment/page-256kib-rgsize-10mib-file-10mib-dictpage-1mib/10000_rows/tsvs/2026-07-03_rows-10000-comp-zstd-3-int-rle-dict-str-delta-byte-array-date-plain-ts-plain_columns.tsv
RegionID	int32	plain	zstd-3	compressed_bytes	40000	40064	1647	40063	1647	1647	24.325440	1.000025	24.325440	0.000000	24.324833	plain	plain	plain	delta-byte-array	rows-10000-comp-zstd-3-int-plain-str-delta-byte-array-date-plain-ts-plain	encoding_experiment/page-256kib-rgsize-10mib-file-10mib-dictpage-1mib/10000_rows/results/configs/2026-07-03_rows-10000-comp-zstd-3-int-plain-str-delta-byte-array-date-plain-ts-plain.md	encoding_experiment/page-256kib-rgsize-10mib-file-10mib-dictpage-1mib/10000_rows/tsvs/2026-07-03_rows-10000-comp-zstd-3-int-plain-str-delta-byte-array-date-plain-ts-plain_columns.tsv
RemoteIP	int32	plain	zstd-3	compressed_bytes	40000	40064	3684	40063	3684	3684	10.875136	1.000025	10.875136	0.000000	10.874864	plain	plain	plain	delta-byte-array	rows-10000-comp-zstd-3-int-plain-str-delta-byte-array-date-plain-ts-plain	encoding_experiment/page-256kib-rgsize-10mib-file-10mib-dictpage-1mib/10000_rows/results/configs/2026-07-03_rows-10000-comp-zstd-3-int-plain-str-delta-byte-array-date-plain-ts-plain.md	encoding_experiment/page-256kib-rgsize-10mib-file-10mib-dictpage-1mib/10000_rows/tsvs/2026-07-03_rows-10000-comp-zstd-3-int-plain-str-delta-byte-array-date-plain-ts-plain_columns.tsv
ResolutionDepth	int16	rle-dict	zstd-3	compressed_bytes	40000	40064	734	1094	734	907	44.171996	36.621572	54.583106	23.569482	1.490463	rle-dict	plain	plain	delta-byte-array	rows-10000-comp-zstd-3-int-rle-dict-str-delta-byte-array-date-plain-ts-plain	encoding_experiment/page-256kib-rgsize-10mib-file-10mib-dictpage-1mib/10000_rows/results/configs/2026-07-03_rows-10000-comp-zstd-3-int-rle-dict-str-delta-byte-array-date-plain-ts-plain.md	encoding_experiment/page-256kib-rgsize-10mib-file-10mib-dictpage-1mib/10000_rows/tsvs/2026-07-03_rows-10000-comp-zstd-3-int-rle-dict-str-delta-byte-array-date-plain-ts-plain_columns.tsv
ResolutionHeight	int16	plain	zstd-3	compressed_bytes	40000	40064	1773	40063	1773	1773	22.596729	1.000025	22.596729	0.000000	22.596165	plain	plain	plain	delta-byte-array	rows-10000-comp-zstd-3-int-plain-str-delta-byte-array-date-plain-ts-plain	encoding_experiment/page-256kib-rgsize-10mib-file-10mib-dictpage-1mib/10000_rows/results/configs/2026-07-03_rows-10000-comp-zstd-3-int-plain-str-delta-byte-array-date-plain-ts-plain.md	encoding_experiment/page-256kib-rgsize-10mib-file-10mib-dictpage-1mib/10000_rows/tsvs/2026-07-03_rows-10000-comp-zstd-3-int-plain-str-delta-byte-array-date-plain-ts-plain_columns.tsv
ResolutionWidth	int16	plain	zstd-3	compressed_bytes	40000	40064	1819	40063	1819	1819	22.025289	1.000025	22.025289	0.000000	22.024739	plain	plain	plain	delta-byte-array	rows-10000-comp-zstd-3-int-plain-str-delta-byte-array-date-plain-ts-plain	encoding_experiment/page-256kib-rgsize-10mib-file-10mib-dictpage-1mib/10000_rows/results/configs/2026-07-03_rows-10000-comp-zstd-3-int-plain-str-delta-byte-array-date-plain-ts-plain.md	encoding_experiment/page-256kib-rgsize-10mib-file-10mib-dictpage-1mib/10000_rows/tsvs/2026-07-03_rows-10000-comp-zstd-3-int-plain-str-delta-byte-array-date-plain-ts-plain_columns.tsv
ResponseEndTiming	int32	plain	zstd-3	compressed_bytes	40000	40064	6951	40063	6951	6951	5.763775	1.000025	5.763775	0.000000	5.763631	plain	plain	plain	delta-byte-array	rows-10000-comp-zstd-3-int-plain-str-delta-byte-array-date-plain-ts-plain	encoding_experiment/page-256kib-rgsize-10mib-file-10mib-dictpage-1mib/10000_rows/results/configs/2026-07-03_rows-10000-comp-zstd-3-int-plain-str-delta-byte-array-date-plain-ts-plain.md	encoding_experiment/page-256kib-rgsize-10mib-file-10mib-dictpage-1mib/10000_rows/tsvs/2026-07-03_rows-10000-comp-zstd-3-int-plain-str-delta-byte-array-date-plain-ts-plain_columns.tsv
ResponseStartTiming	int32	plain	zstd-3	compressed_bytes	40000	40064	8157	40063	8157	8157	4.911610	1.000025	4.911610	0.000000	4.911487	plain	plain	plain	delta-byte-array	rows-10000-comp-zstd-3-int-plain-str-delta-byte-array-date-plain-ts-plain	encoding_experiment/page-256kib-rgsize-10mib-file-10mib-dictpage-1mib/10000_rows/results/configs/2026-07-03_rows-10000-comp-zstd-3-int-plain-str-delta-byte-array-date-plain-ts-plain.md	encoding_experiment/page-256kib-rgsize-10mib-file-10mib-dictpage-1mib/10000_rows/tsvs/2026-07-03_rows-10000-comp-zstd-3-int-plain-str-delta-byte-array-date-plain-ts-plain_columns.tsv
Robotness	int16	plain	zstd-3	compressed_bytes	40000	40064	1567	40063	1567	1567	25.567326	1.000025	25.567326	0.000000	25.566688	plain	plain	plain	delta-byte-array	rows-10000-comp-zstd-3-int-plain-str-delta-byte-array-date-plain-ts-plain	encoding_experiment/page-256kib-rgsize-10mib-file-10mib-dictpage-1mib/10000_rows/results/configs/2026-07-03_rows-10000-comp-zstd-3-int-plain-str-delta-byte-array-date-plain-ts-plain.md	encoding_experiment/page-256kib-rgsize-10mib-file-10mib-dictpage-1mib/10000_rows/tsvs/2026-07-03_rows-10000-comp-zstd-3-int-plain-str-delta-byte-array-date-plain-ts-plain_columns.tsv
SearchEngineID	int16	rle-dict	zstd-3	compressed_bytes	40000	40064	1214	2763	1214	1654	24.222491	14.500181	33.001647	36.243822	2.275947	rle-dict	plain	plain	delta-byte-array	rows-10000-comp-zstd-3-int-rle-dict-str-delta-byte-array-date-plain-ts-plain	encoding_experiment/page-256kib-rgsize-10mib-file-10mib-dictpage-1mib/10000_rows/results/configs/2026-07-03_rows-10000-comp-zstd-3-int-rle-dict-str-delta-byte-array-date-plain-ts-plain.md	encoding_experiment/page-256kib-rgsize-10mib-file-10mib-dictpage-1mib/10000_rows/tsvs/2026-07-03_rows-10000-comp-zstd-3-int-rle-dict-str-delta-byte-array-date-plain-ts-plain_columns.tsv
SearchPhrase	string	rle-dict	zstd-3	compressed_bytes	65246	105322	11366	28478	11366	12844	8.200093	3.698364	9.266409	13.003695	2.505543	plain	plain	plain	rle-dict	rows-10000-comp-zstd-3-int-plain-str-rle-dict-date-plain-ts-plain	encoding_experiment/page-256kib-rgsize-10mib-file-10mib-dictpage-1mib/10000_rows/results/configs/2026-07-03_rows-10000-comp-zstd-3-int-plain-str-rle-dict-date-plain-ts-plain.md	encoding_experiment/page-256kib-rgsize-10mib-file-10mib-dictpage-1mib/10000_rows/tsvs/2026-07-03_rows-10000-comp-zstd-3-int-plain-str-rle-dict-date-plain-ts-plain_columns.tsv
SendTiming	int32	plain	zstd-3	compressed_bytes	40000	40064	72	40061	72	72	556.444444	1.000075	556.444444	0.000000	556.402778	plain	plain	plain	delta-byte-array	rows-10000-comp-zstd-3-int-plain-str-delta-byte-array-date-plain-ts-plain	encoding_experiment/page-256kib-rgsize-10mib-file-10mib-dictpage-1mib/10000_rows/results/configs/2026-07-03_rows-10000-comp-zstd-3-int-plain-str-delta-byte-array-date-plain-ts-plain.md	encoding_experiment/page-256kib-rgsize-10mib-file-10mib-dictpage-1mib/10000_rows/tsvs/2026-07-03_rows-10000-comp-zstd-3-int-plain-str-delta-byte-array-date-plain-ts-plain_columns.tsv
Sex	int16	rle-dict	zstd-3	compressed_bytes	40000	40064	935	1433	935	1052	38.083650	27.958130	42.849198	12.513369	1.532620	rle-dict	plain	plain	delta-byte-array	rows-10000-comp-zstd-3-int-rle-dict-str-delta-byte-array-date-plain-ts-plain	encoding_experiment/page-256kib-rgsize-10mib-file-10mib-dictpage-1mib/10000_rows/results/configs/2026-07-03_rows-10000-comp-zstd-3-int-rle-dict-str-delta-byte-array-date-plain-ts-plain.md	encoding_experiment/page-256kib-rgsize-10mib-file-10mib-dictpage-1mib/10000_rows/tsvs/2026-07-03_rows-10000-comp-zstd-3-int-rle-dict-str-delta-byte-array-date-plain-ts-plain_columns.tsv
SilverlightVersion1	int16	plain	zstd-3	compressed_bytes	40000	40064	611	40063	611	611	65.571195	1.000025	65.571195	0.000000	65.569558	plain	plain	plain	delta-byte-array	rows-10000-comp-zstd-3-int-plain-str-delta-byte-array-date-plain-ts-plain	encoding_experiment/page-256kib-rgsize-10mib-file-10mib-dictpage-1mib/10000_rows/results/configs/2026-07-03_rows-10000-comp-zstd-3-int-plain-str-delta-byte-array-date-plain-ts-plain.md	encoding_experiment/page-256kib-rgsize-10mib-file-10mib-dictpage-1mib/10000_rows/tsvs/2026-07-03_rows-10000-comp-zstd-3-int-plain-str-delta-byte-array-date-plain-ts-plain_columns.tsv
SilverlightVersion2	int16	rle-dict	zstd-3	compressed_bytes	40000	40064	558	833	558	671	59.707899	48.096038	71.799283	20.250896	1.492832	rle-dict	plain	plain	delta-byte-array	rows-10000-comp-zstd-3-int-rle-dict-str-delta-byte-array-date-plain-ts-plain	encoding_experiment/page-256kib-rgsize-10mib-file-10mib-dictpage-1mib/10000_rows/results/configs/2026-07-03_rows-10000-comp-zstd-3-int-rle-dict-str-delta-byte-array-date-plain-ts-plain.md	encoding_experiment/page-256kib-rgsize-10mib-file-10mib-dictpage-1mib/10000_rows/tsvs/2026-07-03_rows-10000-comp-zstd-3-int-rle-dict-str-delta-byte-array-date-plain-ts-plain_columns.tsv
SilverlightVersion3	int32	plain	zstd-3	compressed_bytes	40000	40064	1121	40063	1121	1121	35.739518	1.000025	35.739518	0.000000	35.738626	plain	plain	plain	delta-byte-array	rows-10000-comp-zstd-3-int-plain-str-delta-byte-array-date-plain-ts-plain	encoding_experiment/page-256kib-rgsize-10mib-file-10mib-dictpage-1mib/10000_rows/results/configs/2026-07-03_rows-10000-comp-zstd-3-int-plain-str-delta-byte-array-date-plain-ts-plain.md	encoding_experiment/page-256kib-rgsize-10mib-file-10mib-dictpage-1mib/10000_rows/tsvs/2026-07-03_rows-10000-comp-zstd-3-int-plain-str-delta-byte-array-date-plain-ts-plain_columns.tsv
SilverlightVersion4	int16	plain	zstd-3	compressed_bytes	40000	40064	72	40061	72	72	556.444444	1.000075	556.444444	0.000000	556.402778	plain	plain	plain	delta-byte-array	rows-10000-comp-zstd-3-int-plain-str-delta-byte-array-date-plain-ts-plain	encoding_experiment/page-256kib-rgsize-10mib-file-10mib-dictpage-1mib/10000_rows/results/configs/2026-07-03_rows-10000-comp-zstd-3-int-plain-str-delta-byte-array-date-plain-ts-plain.md	encoding_experiment/page-256kib-rgsize-10mib-file-10mib-dictpage-1mib/10000_rows/tsvs/2026-07-03_rows-10000-comp-zstd-3-int-plain-str-delta-byte-array-date-plain-ts-plain_columns.tsv
SocialAction	string	plain	zstd-3	compressed_bytes	0	40040	48	40037	48	48	834.166667	1.000075	834.166667	0.000000	834.104167	plain	plain	plain	plain	rows-10000-comp-zstd-3-int-plain-str-plain-date-plain-ts-plain	encoding_experiment/page-256kib-rgsize-10mib-file-10mib-dictpage-1mib/10000_rows/results/configs/2026-07-03_rows-10000-comp-zstd-3-int-plain-str-plain-date-plain-ts-plain.md	encoding_experiment/page-256kib-rgsize-10mib-file-10mib-dictpage-1mib/10000_rows/tsvs/2026-07-03_rows-10000-comp-zstd-3-int-plain-str-plain-date-plain-ts-plain_columns.tsv
SocialNetwork	string	plain	zstd-3	compressed_bytes	0	40040	48	40037	48	48	834.166667	1.000075	834.166667	0.000000	834.104167	plain	plain	plain	plain	rows-10000-comp-zstd-3-int-plain-str-plain-date-plain-ts-plain	encoding_experiment/page-256kib-rgsize-10mib-file-10mib-dictpage-1mib/10000_rows/results/configs/2026-07-03_rows-10000-comp-zstd-3-int-plain-str-plain-date-plain-ts-plain.md	encoding_experiment/page-256kib-rgsize-10mib-file-10mib-dictpage-1mib/10000_rows/tsvs/2026-07-03_rows-10000-comp-zstd-3-int-plain-str-plain-date-plain-ts-plain_columns.tsv
SocialSourceNetworkID	int16	plain	zstd-3	compressed_bytes	40000	40064	100	40062	100	100	400.640000	1.000050	400.640000	0.000000	400.620000	plain	plain	plain	delta-byte-array	rows-10000-comp-zstd-3-int-plain-str-delta-byte-array-date-plain-ts-plain	encoding_experiment/page-256kib-rgsize-10mib-file-10mib-dictpage-1mib/10000_rows/results/configs/2026-07-03_rows-10000-comp-zstd-3-int-plain-str-delta-byte-array-date-plain-ts-plain.md	encoding_experiment/page-256kib-rgsize-10mib-file-10mib-dictpage-1mib/10000_rows/tsvs/2026-07-03_rows-10000-comp-zstd-3-int-plain-str-delta-byte-array-date-plain-ts-plain_columns.tsv
SocialSourcePage	string	plain	zstd-3	compressed_bytes	42	40104	98	40102	98	98	409.224490	1.000050	409.224490	0.000000	409.204082	plain	plain	plain	plain	rows-10000-comp-zstd-3-int-plain-str-plain-date-plain-ts-plain	encoding_experiment/page-256kib-rgsize-10mib-file-10mib-dictpage-1mib/10000_rows/results/configs/2026-07-03_rows-10000-comp-zstd-3-int-plain-str-plain-date-plain-ts-plain.md	encoding_experiment/page-256kib-rgsize-10mib-file-10mib-dictpage-1mib/10000_rows/tsvs/2026-07-03_rows-10000-comp-zstd-3-int-plain-str-plain-date-plain-ts-plain_columns.tsv
Title	string	rle-dict	zstd-3	compressed_bytes	2200605	2247281	148809	545453	148809	232596	9.661735	4.120027	15.101781	56.305062	3.665457	plain	plain	plain	rle-dict	rows-10000-comp-zstd-3-int-plain-str-rle-dict-date-plain-ts-plain	encoding_experiment/page-256kib-rgsize-10mib-file-10mib-dictpage-1mib/10000_rows/results/configs/2026-07-03_rows-10000-comp-zstd-3-int-plain-str-rle-dict-date-plain-ts-plain.md	encoding_experiment/page-256kib-rgsize-10mib-file-10mib-dictpage-1mib/10000_rows/tsvs/2026-07-03_rows-10000-comp-zstd-3-int-plain-str-rle-dict-date-plain-ts-plain_columns.tsv
TraficSourceID	int16	rle-dict	zstd-3	compressed_bytes	40000	40064	1961	2896	1961	2586	15.492653	13.834254	20.430393	31.871494	1.476798	rle-dict	plain	plain	delta-byte-array	rows-10000-comp-zstd-3-int-rle-dict-str-delta-byte-array-date-plain-ts-plain	encoding_experiment/page-256kib-rgsize-10mib-file-10mib-dictpage-1mib/10000_rows/results/configs/2026-07-03_rows-10000-comp-zstd-3-int-rle-dict-str-delta-byte-array-date-plain-ts-plain.md	encoding_experiment/page-256kib-rgsize-10mib-file-10mib-dictpage-1mib/10000_rows/tsvs/2026-07-03_rows-10000-comp-zstd-3-int-rle-dict-str-delta-byte-array-date-plain-ts-plain_columns.tsv
URL	string	rle-dict	zstd-3	compressed_bytes	760012	800512	73426	247077	73426	90486	8.846805	3.239929	10.902296	23.234277	3.364980	plain	plain	plain	rle-dict	rows-10000-comp-zstd-3-int-plain-str-rle-dict-date-plain-ts-plain	encoding_experiment/page-256kib-rgsize-10mib-file-10mib-dictpage-1mib/10000_rows/results/configs/2026-07-03_rows-10000-comp-zstd-3-int-plain-str-rle-dict-date-plain-ts-plain.md	encoding_experiment/page-256kib-rgsize-10mib-file-10mib-dictpage-1mib/10000_rows/tsvs/2026-07-03_rows-10000-comp-zstd-3-int-plain-str-rle-dict-date-plain-ts-plain_columns.tsv
URLCategoryID	int16	rle-dict	zstd-3	compressed_bytes	40000	40064	418	546	418	430	93.172093	73.377289	95.846890	2.870813	1.306220	rle-dict	plain	plain	delta-byte-array	rows-10000-comp-zstd-3-int-rle-dict-str-delta-byte-array-date-plain-ts-plain	encoding_experiment/page-256kib-rgsize-10mib-file-10mib-dictpage-1mib/10000_rows/results/configs/2026-07-03_rows-10000-comp-zstd-3-int-rle-dict-str-delta-byte-array-date-plain-ts-plain.md	encoding_experiment/page-256kib-rgsize-10mib-file-10mib-dictpage-1mib/10000_rows/tsvs/2026-07-03_rows-10000-comp-zstd-3-int-rle-dict-str-delta-byte-array-date-plain-ts-plain_columns.tsv
URLHash	int64	plain	zstd-3	compressed_bytes	80000	80080	27185	80080	27185	27185	2.945742	1.000000	2.945742	0.000000	2.945742	plain	plain	plain	delta-byte-array	rows-10000-comp-zstd-3-int-plain-str-delta-byte-array-date-plain-ts-plain	encoding_experiment/page-256kib-rgsize-10mib-file-10mib-dictpage-1mib/10000_rows/results/configs/2026-07-03_rows-10000-comp-zstd-3-int-plain-str-delta-byte-array-date-plain-ts-plain.md	encoding_experiment/page-256kib-rgsize-10mib-file-10mib-dictpage-1mib/10000_rows/tsvs/2026-07-03_rows-10000-comp-zstd-3-int-plain-str-delta-byte-array-date-plain-ts-plain_columns.tsv
URLRegionID	int32	plain	zstd-3	compressed_bytes	40000	40064	445	40063	445	445	90.031461	1.000025	90.031461	0.000000	90.029213	plain	plain	plain	delta-byte-array	rows-10000-comp-zstd-3-int-plain-str-delta-byte-array-date-plain-ts-plain	encoding_experiment/page-256kib-rgsize-10mib-file-10mib-dictpage-1mib/10000_rows/results/configs/2026-07-03_rows-10000-comp-zstd-3-int-plain-str-delta-byte-array-date-plain-ts-plain.md	encoding_experiment/page-256kib-rgsize-10mib-file-10mib-dictpage-1mib/10000_rows/tsvs/2026-07-03_rows-10000-comp-zstd-3-int-plain-str-delta-byte-array-date-plain-ts-plain_columns.tsv
UTMCampaign	string	rle-dict	zstd-3	compressed_bytes	3304	43420	491	637	491	630	68.920635	68.163265	88.431772	28.309572	1.297352	plain	plain	plain	rle-dict	rows-10000-comp-zstd-3-int-plain-str-rle-dict-date-plain-ts-plain	encoding_experiment/page-256kib-rgsize-10mib-file-10mib-dictpage-1mib/10000_rows/results/configs/2026-07-03_rows-10000-comp-zstd-3-int-plain-str-rle-dict-date-plain-ts-plain.md	encoding_experiment/page-256kib-rgsize-10mib-file-10mib-dictpage-1mib/10000_rows/tsvs/2026-07-03_rows-10000-comp-zstd-3-int-plain-str-rle-dict-date-plain-ts-plain_columns.tsv
UTMContent	string	rle-dict	none	encoded_bytes	474	40534	203	203	203	40534	1.000000	199.674877			1.000000	plain	plain	plain	rle-dict	rows-10000-comp-none-int-plain-str-rle-dict-date-plain-ts-plain	encoding_experiment/page-256kib-rgsize-10mib-file-10mib-dictpage-1mib/10000_rows/results/configs/2026-07-03_rows-10000-comp-none-int-plain-str-rle-dict-date-plain-ts-plain.md	encoding_experiment/page-256kib-rgsize-10mib-file-10mib-dictpage-1mib/10000_rows/tsvs/2026-07-03_rows-10000-comp-none-int-plain-str-rle-dict-date-plain-ts-plain_columns.tsv
UTMMedium	string	rle-dict	zstd-3	compressed_bytes	502	40557	307	377	307	414	97.963768	107.578249	132.107492	34.853420	1.228013	plain	plain	plain	rle-dict	rows-10000-comp-zstd-3-int-plain-str-rle-dict-date-plain-ts-plain	encoding_experiment/page-256kib-rgsize-10mib-file-10mib-dictpage-1mib/10000_rows/results/configs/2026-07-03_rows-10000-comp-zstd-3-int-plain-str-rle-dict-date-plain-ts-plain.md	encoding_experiment/page-256kib-rgsize-10mib-file-10mib-dictpage-1mib/10000_rows/tsvs/2026-07-03_rows-10000-comp-zstd-3-int-plain-str-rle-dict-date-plain-ts-plain_columns.tsv
UTMSource	string	rle-dict	zstd-3	compressed_bytes	1621	41689	379	509	379	500	83.378000	81.903733	109.997361	31.926121	1.343008	plain	plain	plain	rle-dict	rows-10000-comp-zstd-3-int-plain-str-rle-dict-date-plain-ts-plain	encoding_experiment/page-256kib-rgsize-10mib-file-10mib-dictpage-1mib/10000_rows/results/configs/2026-07-03_rows-10000-comp-zstd-3-int-plain-str-rle-dict-date-plain-ts-plain.md	encoding_experiment/page-256kib-rgsize-10mib-file-10mib-dictpage-1mib/10000_rows/tsvs/2026-07-03_rows-10000-comp-zstd-3-int-plain-str-rle-dict-date-plain-ts-plain_columns.tsv
UTMTerm	string	rle-dict	none	encoded_bytes	1288	41368	288	288	288	41368	1.000000	143.638889			1.000000	plain	plain	plain	rle-dict	rows-10000-comp-none-int-plain-str-rle-dict-date-plain-ts-plain	encoding_experiment/page-256kib-rgsize-10mib-file-10mib-dictpage-1mib/10000_rows/results/configs/2026-07-03_rows-10000-comp-none-int-plain-str-rle-dict-date-plain-ts-plain.md	encoding_experiment/page-256kib-rgsize-10mib-file-10mib-dictpage-1mib/10000_rows/tsvs/2026-07-03_rows-10000-comp-none-int-plain-str-rle-dict-date-plain-ts-plain_columns.tsv
UserAgent	int16	plain	zstd-3	compressed_bytes	40000	40064	1421	40063	1421	1421	28.194229	1.000025	28.194229	0.000000	28.193526	plain	plain	plain	delta-byte-array	rows-10000-comp-zstd-3-int-plain-str-delta-byte-array-date-plain-ts-plain	encoding_experiment/page-256kib-rgsize-10mib-file-10mib-dictpage-1mib/10000_rows/results/configs/2026-07-03_rows-10000-comp-zstd-3-int-plain-str-delta-byte-array-date-plain-ts-plain.md	encoding_experiment/page-256kib-rgsize-10mib-file-10mib-dictpage-1mib/10000_rows/tsvs/2026-07-03_rows-10000-comp-zstd-3-int-plain-str-delta-byte-array-date-plain-ts-plain_columns.tsv
UserAgentMajor	int16	plain	zstd-3	compressed_bytes	40000	40064	1526	40063	1526	1526	26.254260	1.000025	26.254260	0.000000	26.253604	plain	plain	plain	delta-byte-array	rows-10000-comp-zstd-3-int-plain-str-delta-byte-array-date-plain-ts-plain	encoding_experiment/page-256kib-rgsize-10mib-file-10mib-dictpage-1mib/10000_rows/results/configs/2026-07-03_rows-10000-comp-zstd-3-int-plain-str-delta-byte-array-date-plain-ts-plain.md	encoding_experiment/page-256kib-rgsize-10mib-file-10mib-dictpage-1mib/10000_rows/tsvs/2026-07-03_rows-10000-comp-zstd-3-int-plain-str-delta-byte-array-date-plain-ts-plain_columns.tsv
UserAgentMinor	string	rle-dict	zstd-3	compressed_bytes	36930	76990	1278	1986	1278	1802	42.724750	38.766365	60.242567	41.001565	1.553991	plain	plain	plain	rle-dict	rows-10000-comp-zstd-3-int-plain-str-rle-dict-date-plain-ts-plain	encoding_experiment/page-256kib-rgsize-10mib-file-10mib-dictpage-1mib/10000_rows/results/configs/2026-07-03_rows-10000-comp-zstd-3-int-plain-str-rle-dict-date-plain-ts-plain.md	encoding_experiment/page-256kib-rgsize-10mib-file-10mib-dictpage-1mib/10000_rows/tsvs/2026-07-03_rows-10000-comp-zstd-3-int-plain-str-rle-dict-date-plain-ts-plain_columns.tsv
UserID	int64	plain	zstd-3	compressed_bytes	80000	80080	5858	80079	5858	5858	13.670195	1.000012	13.670195	0.000000	13.670024	plain	plain	plain	delta-byte-array	rows-10000-comp-zstd-3-int-plain-str-delta-byte-array-date-plain-ts-plain	encoding_experiment/page-256kib-rgsize-10mib-file-10mib-dictpage-1mib/10000_rows/results/configs/2026-07-03_rows-10000-comp-zstd-3-int-plain-str-delta-byte-array-date-plain-ts-plain.md	encoding_experiment/page-256kib-rgsize-10mib-file-10mib-dictpage-1mib/10000_rows/tsvs/2026-07-03_rows-10000-comp-zstd-3-int-plain-str-delta-byte-array-date-plain-ts-plain_columns.tsv
WatchID	int64	plain	none	encoded_bytes	80000	80080	80080	80080	80080	80080	1.000000	1.000000			1.000000	plain	plain	plain	delta-byte-array	rows-10000-comp-none-int-plain-str-delta-byte-array-date-plain-ts-plain	encoding_experiment/page-256kib-rgsize-10mib-file-10mib-dictpage-1mib/10000_rows/results/configs/2026-07-03_rows-10000-comp-none-int-plain-str-delta-byte-array-date-plain-ts-plain.md	encoding_experiment/page-256kib-rgsize-10mib-file-10mib-dictpage-1mib/10000_rows/tsvs/2026-07-03_rows-10000-comp-none-int-plain-str-delta-byte-array-date-plain-ts-plain_columns.tsv
WindowClientHeight	int16	plain	zstd-3	compressed_bytes	40000	40064	2425	40063	2425	2425	16.521237	1.000025	16.521237	0.000000	16.520825	plain	plain	plain	delta-byte-array	rows-10000-comp-zstd-3-int-plain-str-delta-byte-array-date-plain-ts-plain	encoding_experiment/page-256kib-rgsize-10mib-file-10mib-dictpage-1mib/10000_rows/results/configs/2026-07-03_rows-10000-comp-zstd-3-int-plain-str-delta-byte-array-date-plain-ts-plain.md	encoding_experiment/page-256kib-rgsize-10mib-file-10mib-dictpage-1mib/10000_rows/tsvs/2026-07-03_rows-10000-comp-zstd-3-int-plain-str-delta-byte-array-date-plain-ts-plain_columns.tsv
WindowClientWidth	int16	plain	zstd-3	compressed_bytes	40000	40064	2986	40063	2986	2986	13.417281	1.000025	13.417281	0.000000	13.416946	plain	plain	plain	delta-byte-array	rows-10000-comp-zstd-3-int-plain-str-delta-byte-array-date-plain-ts-plain	encoding_experiment/page-256kib-rgsize-10mib-file-10mib-dictpage-1mib/10000_rows/results/configs/2026-07-03_rows-10000-comp-zstd-3-int-plain-str-delta-byte-array-date-plain-ts-plain.md	encoding_experiment/page-256kib-rgsize-10mib-file-10mib-dictpage-1mib/10000_rows/tsvs/2026-07-03_rows-10000-comp-zstd-3-int-plain-str-delta-byte-array-date-plain-ts-plain_columns.tsv
WindowName	int32	plain	zstd-3	compressed_bytes	40000	40064	103	40062	103	103	388.970874	1.000050	388.970874	0.000000	388.951456	plain	plain	plain	delta-byte-array	rows-10000-comp-zstd-3-int-plain-str-delta-byte-array-date-plain-ts-plain	encoding_experiment/page-256kib-rgsize-10mib-file-10mib-dictpage-1mib/10000_rows/results/configs/2026-07-03_rows-10000-comp-zstd-3-int-plain-str-delta-byte-array-date-plain-ts-plain.md	encoding_experiment/page-256kib-rgsize-10mib-file-10mib-dictpage-1mib/10000_rows/tsvs/2026-07-03_rows-10000-comp-zstd-3-int-plain-str-delta-byte-array-date-plain-ts-plain_columns.tsv
WithHash	int16	plain	zstd-3	compressed_bytes	40000	40064	72	40061	72	72	556.444444	1.000075	556.444444	0.000000	556.402778	plain	plain	plain	delta-byte-array	rows-10000-comp-zstd-3-int-plain-str-delta-byte-array-date-plain-ts-plain	encoding_experiment/page-256kib-rgsize-10mib-file-10mib-dictpage-1mib/10000_rows/results/configs/2026-07-03_rows-10000-comp-zstd-3-int-plain-str-delta-byte-array-date-plain-ts-plain.md	encoding_experiment/page-256kib-rgsize-10mib-file-10mib-dictpage-1mib/10000_rows/tsvs/2026-07-03_rows-10000-comp-zstd-3-int-plain-str-delta-byte-array-date-plain-ts-plain_columns.tsv
