rank	experiment	compression	int_encoding	date_encoding	timestamp_encoding	string_encoding	physical_bytes	baseline_encoded_bytes	encoded_bytes	compressed_bytes	post_encoding_ratio	post_compression_ratio	codec_ratio	elapsed_ms	result_file	column_stats_tsv	output_dir
1	rows-10000-comp-none-int-plain-str-plain-date-plain-ts-plain	none	plain	plain	plain	plain	7711890	8847066	8847066	8847066	1.000000		1.000000	3	encoding_experiment/page-256kib-rgsize-10mib-file-10mib/10000_rows/results/configs/2026-07-03_rows-10000-comp-none-int-plain-str-plain-date-plain-ts-plain.md	encoding_experiment/page-256kib-rgsize-10mib-file-10mib/10000_rows/tsvs/2026-07-03_rows-10000-comp-none-int-plain-str-plain-date-plain-ts-plain_columns.tsv	encoding_experiment/page-256kib-rgsize-10mib-file-10mib/10000_rows/parquet/rows-10000-comp-none-int-plain-str-plain-date-plain-ts-plain
2	rows-10000-comp-none-int-plain-str-rle-dict-date-plain-ts-plain	none	plain	plain	plain	rle-dict	7711890	8847066	4542822	4542822	1.947482		1.000000	3	encoding_experiment/page-256kib-rgsize-10mib-file-10mib/10000_rows/results/configs/2026-07-03_rows-10000-comp-none-int-plain-str-rle-dict-date-plain-ts-plain.md	encoding_experiment/page-256kib-rgsize-10mib-file-10mib/10000_rows/tsvs/2026-07-03_rows-10000-comp-none-int-plain-str-rle-dict-date-plain-ts-plain_columns.tsv	encoding_experiment/page-256kib-rgsize-10mib-file-10mib/10000_rows/parquet/rows-10000-comp-none-int-plain-str-rle-dict-date-plain-ts-plain
3	rows-10000-comp-none-int-plain-str-delta-byte-array-date-plain-ts-plain	none	plain	plain	plain	delta-byte-array	7711890	8847066	5014870	5014870	1.764167		1.000000	4	encoding_experiment/page-256kib-rgsize-10mib-file-10mib/10000_rows/results/configs/2026-07-03_rows-10000-comp-none-int-plain-str-delta-byte-array-date-plain-ts-plain.md	encoding_experiment/page-256kib-rgsize-10mib-file-10mib/10000_rows/tsvs/2026-07-03_rows-10000-comp-none-int-plain-str-delta-byte-array-date-plain-ts-plain_columns.tsv	encoding_experiment/page-256kib-rgsize-10mib-file-10mib/10000_rows/parquet/rows-10000-comp-none-int-plain-str-delta-byte-array-date-plain-ts-plain
4	rows-10000-comp-none-int-plain-str-delta-length-byte-array-date-plain-ts-plain	none	plain	plain	plain	delta-length-byte-array	7711890	8847066	7813356	7813356	1.132300		1.000000	4	encoding_experiment/page-256kib-rgsize-10mib-file-10mib/10000_rows/results/configs/2026-07-03_rows-10000-comp-none-int-plain-str-delta-length-byte-array-date-plain-ts-plain.md	encoding_experiment/page-256kib-rgsize-10mib-file-10mib/10000_rows/tsvs/2026-07-03_rows-10000-comp-none-int-plain-str-delta-length-byte-array-date-plain-ts-plain_columns.tsv	encoding_experiment/page-256kib-rgsize-10mib-file-10mib/10000_rows/parquet/rows-10000-comp-none-int-plain-str-delta-length-byte-array-date-plain-ts-plain
5	rows-10000-comp-none-int-plain-str-plain-date-plain-ts-rle-dict	none	plain	plain	rle-dict	plain	7711890	8847066	8779131	8779131	1.007738		1.000000	3	encoding_experiment/page-256kib-rgsize-10mib-file-10mib/10000_rows/results/configs/2026-07-03_rows-10000-comp-none-int-plain-str-plain-date-plain-ts-rle-dict.md	encoding_experiment/page-256kib-rgsize-10mib-file-10mib/10000_rows/tsvs/2026-07-03_rows-10000-comp-none-int-plain-str-plain-date-plain-ts-rle-dict_columns.tsv	encoding_experiment/page-256kib-rgsize-10mib-file-10mib/10000_rows/parquet/rows-10000-comp-none-int-plain-str-plain-date-plain-ts-rle-dict
6	rows-10000-comp-none-int-plain-str-rle-dict-date-plain-ts-rle-dict	none	plain	plain	rle-dict	rle-dict	7711890	8847066	4474887	4474887	1.977048		1.000000	3	encoding_experiment/page-256kib-rgsize-10mib-file-10mib/10000_rows/results/configs/2026-07-03_rows-10000-comp-none-int-plain-str-rle-dict-date-plain-ts-rle-dict.md	encoding_experiment/page-256kib-rgsize-10mib-file-10mib/10000_rows/tsvs/2026-07-03_rows-10000-comp-none-int-plain-str-rle-dict-date-plain-ts-rle-dict_columns.tsv	encoding_experiment/page-256kib-rgsize-10mib-file-10mib/10000_rows/parquet/rows-10000-comp-none-int-plain-str-rle-dict-date-plain-ts-rle-dict
7	rows-10000-comp-none-int-plain-str-delta-byte-array-date-plain-ts-rle-dict	none	plain	plain	rle-dict	delta-byte-array	7711890	8847066	4946935	4946935	1.788393		1.000000	3	encoding_experiment/page-256kib-rgsize-10mib-file-10mib/10000_rows/results/configs/2026-07-03_rows-10000-comp-none-int-plain-str-delta-byte-array-date-plain-ts-rle-dict.md	encoding_experiment/page-256kib-rgsize-10mib-file-10mib/10000_rows/tsvs/2026-07-03_rows-10000-comp-none-int-plain-str-delta-byte-array-date-plain-ts-rle-dict_columns.tsv	encoding_experiment/page-256kib-rgsize-10mib-file-10mib/10000_rows/parquet/rows-10000-comp-none-int-plain-str-delta-byte-array-date-plain-ts-rle-dict
8	rows-10000-comp-none-int-plain-str-delta-length-byte-array-date-plain-ts-rle-dict	none	plain	plain	rle-dict	delta-length-byte-array	7711890	8847066	7745421	7745421	1.142232		1.000000	4	encoding_experiment/page-256kib-rgsize-10mib-file-10mib/10000_rows/results/configs/2026-07-03_rows-10000-comp-none-int-plain-str-delta-length-byte-array-date-plain-ts-rle-dict.md	encoding_experiment/page-256kib-rgsize-10mib-file-10mib/10000_rows/tsvs/2026-07-03_rows-10000-comp-none-int-plain-str-delta-length-byte-array-date-plain-ts-rle-dict_columns.tsv	encoding_experiment/page-256kib-rgsize-10mib-file-10mib/10000_rows/parquet/rows-10000-comp-none-int-plain-str-delta-length-byte-array-date-plain-ts-rle-dict
9	rows-10000-comp-none-int-plain-str-plain-date-rle-dict-ts-plain	none	plain	rle-dict	plain	plain	7711890	8847066	8807089	8807089	1.004539		1.000000	3	encoding_experiment/page-256kib-rgsize-10mib-file-10mib/10000_rows/results/configs/2026-07-03_rows-10000-comp-none-int-plain-str-plain-date-rle-dict-ts-plain.md	encoding_experiment/page-256kib-rgsize-10mib-file-10mib/10000_rows/tsvs/2026-07-03_rows-10000-comp-none-int-plain-str-plain-date-rle-dict-ts-plain_columns.tsv	encoding_experiment/page-256kib-rgsize-10mib-file-10mib/10000_rows/parquet/rows-10000-comp-none-int-plain-str-plain-date-rle-dict-ts-plain
10	rows-10000-comp-none-int-plain-str-rle-dict-date-rle-dict-ts-plain	none	plain	rle-dict	plain	rle-dict	7711890	8847066	4502845	4502845	1.964772		1.000000	3	encoding_experiment/page-256kib-rgsize-10mib-file-10mib/10000_rows/results/configs/2026-07-03_rows-10000-comp-none-int-plain-str-rle-dict-date-rle-dict-ts-plain.md	encoding_experiment/page-256kib-rgsize-10mib-file-10mib/10000_rows/tsvs/2026-07-03_rows-10000-comp-none-int-plain-str-rle-dict-date-rle-dict-ts-plain_columns.tsv	encoding_experiment/page-256kib-rgsize-10mib-file-10mib/10000_rows/parquet/rows-10000-comp-none-int-plain-str-rle-dict-date-rle-dict-ts-plain
11	rows-10000-comp-none-int-plain-str-delta-byte-array-date-rle-dict-ts-plain	none	plain	rle-dict	plain	delta-byte-array	7711890	8847066	4974893	4974893	1.778343		1.000000	3	encoding_experiment/page-256kib-rgsize-10mib-file-10mib/10000_rows/results/configs/2026-07-03_rows-10000-comp-none-int-plain-str-delta-byte-array-date-rle-dict-ts-plain.md	encoding_experiment/page-256kib-rgsize-10mib-file-10mib/10000_rows/tsvs/2026-07-03_rows-10000-comp-none-int-plain-str-delta-byte-array-date-rle-dict-ts-plain_columns.tsv	encoding_experiment/page-256kib-rgsize-10mib-file-10mib/10000_rows/parquet/rows-10000-comp-none-int-plain-str-delta-byte-array-date-rle-dict-ts-plain
12	rows-10000-comp-none-int-plain-str-delta-length-byte-array-date-rle-dict-ts-plain	none	plain	rle-dict	plain	delta-length-byte-array	7711890	8847066	7773379	7773379	1.138124		1.000000	4	encoding_experiment/page-256kib-rgsize-10mib-file-10mib/10000_rows/results/configs/2026-07-03_rows-10000-comp-none-int-plain-str-delta-length-byte-array-date-rle-dict-ts-plain.md	encoding_experiment/page-256kib-rgsize-10mib-file-10mib/10000_rows/tsvs/2026-07-03_rows-10000-comp-none-int-plain-str-delta-length-byte-array-date-rle-dict-ts-plain_columns.tsv	encoding_experiment/page-256kib-rgsize-10mib-file-10mib/10000_rows/parquet/rows-10000-comp-none-int-plain-str-delta-length-byte-array-date-rle-dict-ts-plain
13	rows-10000-comp-none-int-plain-str-plain-date-rle-dict-ts-rle-dict	none	plain	rle-dict	rle-dict	plain	7711890	8847066	8739154	8739154	1.012348		1.000000	3	encoding_experiment/page-256kib-rgsize-10mib-file-10mib/10000_rows/results/configs/2026-07-03_rows-10000-comp-none-int-plain-str-plain-date-rle-dict-ts-rle-dict.md	encoding_experiment/page-256kib-rgsize-10mib-file-10mib/10000_rows/tsvs/2026-07-03_rows-10000-comp-none-int-plain-str-plain-date-rle-dict-ts-rle-dict_columns.tsv	encoding_experiment/page-256kib-rgsize-10mib-file-10mib/10000_rows/parquet/rows-10000-comp-none-int-plain-str-plain-date-rle-dict-ts-rle-dict
14	rows-10000-comp-none-int-plain-str-rle-dict-date-rle-dict-ts-rle-dict	none	plain	rle-dict	rle-dict	rle-dict	7711890	8847066	4434910	4434910	1.994869		1.000000	3	encoding_experiment/page-256kib-rgsize-10mib-file-10mib/10000_rows/results/configs/2026-07-03_rows-10000-comp-none-int-plain-str-rle-dict-date-rle-dict-ts-rle-dict.md	encoding_experiment/page-256kib-rgsize-10mib-file-10mib/10000_rows/tsvs/2026-07-03_rows-10000-comp-none-int-plain-str-rle-dict-date-rle-dict-ts-rle-dict_columns.tsv	encoding_experiment/page-256kib-rgsize-10mib-file-10mib/10000_rows/parquet/rows-10000-comp-none-int-plain-str-rle-dict-date-rle-dict-ts-rle-dict
15	rows-10000-comp-none-int-plain-str-delta-byte-array-date-rle-dict-ts-rle-dict	none	plain	rle-dict	rle-dict	delta-byte-array	7711890	8847066	4906958	4906958	1.802963		1.000000	4	encoding_experiment/page-256kib-rgsize-10mib-file-10mib/10000_rows/results/configs/2026-07-03_rows-10000-comp-none-int-plain-str-delta-byte-array-date-rle-dict-ts-rle-dict.md	encoding_experiment/page-256kib-rgsize-10mib-file-10mib/10000_rows/tsvs/2026-07-03_rows-10000-comp-none-int-plain-str-delta-byte-array-date-rle-dict-ts-rle-dict_columns.tsv	encoding_experiment/page-256kib-rgsize-10mib-file-10mib/10000_rows/parquet/rows-10000-comp-none-int-plain-str-delta-byte-array-date-rle-dict-ts-rle-dict
16	rows-10000-comp-none-int-plain-str-delta-length-byte-array-date-rle-dict-ts-rle-dict	none	plain	rle-dict	rle-dict	delta-length-byte-array	7711890	8847066	7705444	7705444	1.148158		1.000000	4	encoding_experiment/page-256kib-rgsize-10mib-file-10mib/10000_rows/results/configs/2026-07-03_rows-10000-comp-none-int-plain-str-delta-length-byte-array-date-rle-dict-ts-rle-dict.md	encoding_experiment/page-256kib-rgsize-10mib-file-10mib/10000_rows/tsvs/2026-07-03_rows-10000-comp-none-int-plain-str-delta-length-byte-array-date-rle-dict-ts-rle-dict_columns.tsv	encoding_experiment/page-256kib-rgsize-10mib-file-10mib/10000_rows/parquet/rows-10000-comp-none-int-plain-str-delta-length-byte-array-date-rle-dict-ts-rle-dict
17	rows-10000-comp-none-int-rle-dict-str-plain-date-plain-ts-plain	none	rle-dict	plain	plain	plain	7711890	8847066	6049964	6049964	1.462334		1.000000	3	encoding_experiment/page-256kib-rgsize-10mib-file-10mib/10000_rows/results/configs/2026-07-03_rows-10000-comp-none-int-rle-dict-str-plain-date-plain-ts-plain.md	encoding_experiment/page-256kib-rgsize-10mib-file-10mib/10000_rows/tsvs/2026-07-03_rows-10000-comp-none-int-rle-dict-str-plain-date-plain-ts-plain_columns.tsv	encoding_experiment/page-256kib-rgsize-10mib-file-10mib/10000_rows/parquet/rows-10000-comp-none-int-rle-dict-str-plain-date-plain-ts-plain
18	rows-10000-comp-none-int-rle-dict-str-rle-dict-date-plain-ts-plain	none	rle-dict	plain	plain	rle-dict	7711890	8847066	1745720	1745720	5.067861		1.000000	3	encoding_experiment/page-256kib-rgsize-10mib-file-10mib/10000_rows/results/configs/2026-07-03_rows-10000-comp-none-int-rle-dict-str-rle-dict-date-plain-ts-plain.md	encoding_experiment/page-256kib-rgsize-10mib-file-10mib/10000_rows/tsvs/2026-07-03_rows-10000-comp-none-int-rle-dict-str-rle-dict-date-plain-ts-plain_columns.tsv	encoding_experiment/page-256kib-rgsize-10mib-file-10mib/10000_rows/parquet/rows-10000-comp-none-int-rle-dict-str-rle-dict-date-plain-ts-plain
19	rows-10000-comp-none-int-rle-dict-str-delta-byte-array-date-plain-ts-plain	none	rle-dict	plain	plain	delta-byte-array	7711890	8847066	2217768	2217768	3.989176		1.000000	4	encoding_experiment/page-256kib-rgsize-10mib-file-10mib/10000_rows/results/configs/2026-07-03_rows-10000-comp-none-int-rle-dict-str-delta-byte-array-date-plain-ts-plain.md	encoding_experiment/page-256kib-rgsize-10mib-file-10mib/10000_rows/tsvs/2026-07-03_rows-10000-comp-none-int-rle-dict-str-delta-byte-array-date-plain-ts-plain_columns.tsv	encoding_experiment/page-256kib-rgsize-10mib-file-10mib/10000_rows/parquet/rows-10000-comp-none-int-rle-dict-str-delta-byte-array-date-plain-ts-plain
20	rows-10000-comp-none-int-rle-dict-str-delta-length-byte-array-date-plain-ts-plain	none	rle-dict	plain	plain	delta-length-byte-array	7711890	8847066	5016254	5016254	1.763680		1.000000	4	encoding_experiment/page-256kib-rgsize-10mib-file-10mib/10000_rows/results/configs/2026-07-03_rows-10000-comp-none-int-rle-dict-str-delta-length-byte-array-date-plain-ts-plain.md	encoding_experiment/page-256kib-rgsize-10mib-file-10mib/10000_rows/tsvs/2026-07-03_rows-10000-comp-none-int-rle-dict-str-delta-length-byte-array-date-plain-ts-plain_columns.tsv	encoding_experiment/page-256kib-rgsize-10mib-file-10mib/10000_rows/parquet/rows-10000-comp-none-int-rle-dict-str-delta-length-byte-array-date-plain-ts-plain
21	rows-10000-comp-none-int-rle-dict-str-plain-date-plain-ts-rle-dict	none	rle-dict	plain	rle-dict	plain	7711890	8847066	5982029	5982029	1.478941		1.000000	3	encoding_experiment/page-256kib-rgsize-10mib-file-10mib/10000_rows/results/configs/2026-07-03_rows-10000-comp-none-int-rle-dict-str-plain-date-plain-ts-rle-dict.md	encoding_experiment/page-256kib-rgsize-10mib-file-10mib/10000_rows/tsvs/2026-07-03_rows-10000-comp-none-int-rle-dict-str-plain-date-plain-ts-rle-dict_columns.tsv	encoding_experiment/page-256kib-rgsize-10mib-file-10mib/10000_rows/parquet/rows-10000-comp-none-int-rle-dict-str-plain-date-plain-ts-rle-dict
22	rows-10000-comp-none-int-rle-dict-str-rle-dict-date-plain-ts-rle-dict	none	rle-dict	plain	rle-dict	rle-dict	7711890	8847066	1677785	1677785	5.273063		1.000000	3	encoding_experiment/page-256kib-rgsize-10mib-file-10mib/10000_rows/results/configs/2026-07-03_rows-10000-comp-none-int-rle-dict-str-rle-dict-date-plain-ts-rle-dict.md	encoding_experiment/page-256kib-rgsize-10mib-file-10mib/10000_rows/tsvs/2026-07-03_rows-10000-comp-none-int-rle-dict-str-rle-dict-date-plain-ts-rle-dict_columns.tsv	encoding_experiment/page-256kib-rgsize-10mib-file-10mib/10000_rows/parquet/rows-10000-comp-none-int-rle-dict-str-rle-dict-date-plain-ts-rle-dict
23	rows-10000-comp-none-int-rle-dict-str-delta-byte-array-date-plain-ts-rle-dict	none	rle-dict	plain	rle-dict	delta-byte-array	7711890	8847066	2149833	2149833	4.115234		1.000000	4	encoding_experiment/page-256kib-rgsize-10mib-file-10mib/10000_rows/results/configs/2026-07-03_rows-10000-comp-none-int-rle-dict-str-delta-byte-array-date-plain-ts-rle-dict.md	encoding_experiment/page-256kib-rgsize-10mib-file-10mib/10000_rows/tsvs/2026-07-03_rows-10000-comp-none-int-rle-dict-str-delta-byte-array-date-plain-ts-rle-dict_columns.tsv	encoding_experiment/page-256kib-rgsize-10mib-file-10mib/10000_rows/parquet/rows-10000-comp-none-int-rle-dict-str-delta-byte-array-date-plain-ts-rle-dict
24	rows-10000-comp-none-int-rle-dict-str-delta-length-byte-array-date-plain-ts-rle-dict	none	rle-dict	plain	rle-dict	delta-length-byte-array	7711890	8847066	4948319	4948319	1.787893		1.000000	4	encoding_experiment/page-256kib-rgsize-10mib-file-10mib/10000_rows/results/configs/2026-07-03_rows-10000-comp-none-int-rle-dict-str-delta-length-byte-array-date-plain-ts-rle-dict.md	encoding_experiment/page-256kib-rgsize-10mib-file-10mib/10000_rows/tsvs/2026-07-03_rows-10000-comp-none-int-rle-dict-str-delta-length-byte-array-date-plain-ts-rle-dict_columns.tsv	encoding_experiment/page-256kib-rgsize-10mib-file-10mib/10000_rows/parquet/rows-10000-comp-none-int-rle-dict-str-delta-length-byte-array-date-plain-ts-rle-dict
25	rows-10000-comp-none-int-rle-dict-str-plain-date-rle-dict-ts-plain	none	rle-dict	rle-dict	plain	plain	7711890	8847066	6009987	6009987	1.472061		1.000000	4	encoding_experiment/page-256kib-rgsize-10mib-file-10mib/10000_rows/results/configs/2026-07-03_rows-10000-comp-none-int-rle-dict-str-plain-date-rle-dict-ts-plain.md	encoding_experiment/page-256kib-rgsize-10mib-file-10mib/10000_rows/tsvs/2026-07-03_rows-10000-comp-none-int-rle-dict-str-plain-date-rle-dict-ts-plain_columns.tsv	encoding_experiment/page-256kib-rgsize-10mib-file-10mib/10000_rows/parquet/rows-10000-comp-none-int-rle-dict-str-plain-date-rle-dict-ts-plain
26	rows-10000-comp-none-int-rle-dict-str-rle-dict-date-rle-dict-ts-plain	none	rle-dict	rle-dict	plain	rle-dict	7711890	8847066	1705743	1705743	5.186635		1.000000	4	encoding_experiment/page-256kib-rgsize-10mib-file-10mib/10000_rows/results/configs/2026-07-03_rows-10000-comp-none-int-rle-dict-str-rle-dict-date-rle-dict-ts-plain.md	encoding_experiment/page-256kib-rgsize-10mib-file-10mib/10000_rows/tsvs/2026-07-03_rows-10000-comp-none-int-rle-dict-str-rle-dict-date-rle-dict-ts-plain_columns.tsv	encoding_experiment/page-256kib-rgsize-10mib-file-10mib/10000_rows/parquet/rows-10000-comp-none-int-rle-dict-str-rle-dict-date-rle-dict-ts-plain
27	rows-10000-comp-none-int-rle-dict-str-delta-byte-array-date-rle-dict-ts-plain	none	rle-dict	rle-dict	plain	delta-byte-array	7711890	8847066	2177791	2177791	4.062404		1.000000	4	encoding_experiment/page-256kib-rgsize-10mib-file-10mib/10000_rows/results/configs/2026-07-03_rows-10000-comp-none-int-rle-dict-str-delta-byte-array-date-rle-dict-ts-plain.md	encoding_experiment/page-256kib-rgsize-10mib-file-10mib/10000_rows/tsvs/2026-07-03_rows-10000-comp-none-int-rle-dict-str-delta-byte-array-date-rle-dict-ts-plain_columns.tsv	encoding_experiment/page-256kib-rgsize-10mib-file-10mib/10000_rows/parquet/rows-10000-comp-none-int-rle-dict-str-delta-byte-array-date-rle-dict-ts-plain
28	rows-10000-comp-none-int-rle-dict-str-delta-length-byte-array-date-rle-dict-ts-plain	none	rle-dict	rle-dict	plain	delta-length-byte-array	7711890	8847066	4976277	4976277	1.777848		1.000000	4	encoding_experiment/page-256kib-rgsize-10mib-file-10mib/10000_rows/results/configs/2026-07-03_rows-10000-comp-none-int-rle-dict-str-delta-length-byte-array-date-rle-dict-ts-plain.md	encoding_experiment/page-256kib-rgsize-10mib-file-10mib/10000_rows/tsvs/2026-07-03_rows-10000-comp-none-int-rle-dict-str-delta-length-byte-array-date-rle-dict-ts-plain_columns.tsv	encoding_experiment/page-256kib-rgsize-10mib-file-10mib/10000_rows/parquet/rows-10000-comp-none-int-rle-dict-str-delta-length-byte-array-date-rle-dict-ts-plain
29	rows-10000-comp-none-int-rle-dict-str-plain-date-rle-dict-ts-rle-dict	none	rle-dict	rle-dict	rle-dict	plain	7711890	8847066	5942052	5942052	1.488891		1.000000	3	encoding_experiment/page-256kib-rgsize-10mib-file-10mib/10000_rows/results/configs/2026-07-03_rows-10000-comp-none-int-rle-dict-str-plain-date-rle-dict-ts-rle-dict.md	encoding_experiment/page-256kib-rgsize-10mib-file-10mib/10000_rows/tsvs/2026-07-03_rows-10000-comp-none-int-rle-dict-str-plain-date-rle-dict-ts-rle-dict_columns.tsv	encoding_experiment/page-256kib-rgsize-10mib-file-10mib/10000_rows/parquet/rows-10000-comp-none-int-rle-dict-str-plain-date-rle-dict-ts-rle-dict
30	rows-10000-comp-none-int-rle-dict-str-rle-dict-date-rle-dict-ts-rle-dict	none	rle-dict	rle-dict	rle-dict	rle-dict	7711890	8847066	1637808	1637808	5.401772		1.000000	3	encoding_experiment/page-256kib-rgsize-10mib-file-10mib/10000_rows/results/configs/2026-07-03_rows-10000-comp-none-int-rle-dict-str-rle-dict-date-rle-dict-ts-rle-dict.md	encoding_experiment/page-256kib-rgsize-10mib-file-10mib/10000_rows/tsvs/2026-07-03_rows-10000-comp-none-int-rle-dict-str-rle-dict-date-rle-dict-ts-rle-dict_columns.tsv	encoding_experiment/page-256kib-rgsize-10mib-file-10mib/10000_rows/parquet/rows-10000-comp-none-int-rle-dict-str-rle-dict-date-rle-dict-ts-rle-dict
31	rows-10000-comp-none-int-rle-dict-str-delta-byte-array-date-rle-dict-ts-rle-dict	none	rle-dict	rle-dict	rle-dict	delta-byte-array	7711890	8847066	2109856	2109856	4.193208		1.000000	4	encoding_experiment/page-256kib-rgsize-10mib-file-10mib/10000_rows/results/configs/2026-07-03_rows-10000-comp-none-int-rle-dict-str-delta-byte-array-date-rle-dict-ts-rle-dict.md	encoding_experiment/page-256kib-rgsize-10mib-file-10mib/10000_rows/tsvs/2026-07-03_rows-10000-comp-none-int-rle-dict-str-delta-byte-array-date-rle-dict-ts-rle-dict_columns.tsv	encoding_experiment/page-256kib-rgsize-10mib-file-10mib/10000_rows/parquet/rows-10000-comp-none-int-rle-dict-str-delta-byte-array-date-rle-dict-ts-rle-dict
32	rows-10000-comp-none-int-rle-dict-str-delta-length-byte-array-date-rle-dict-ts-rle-dict	none	rle-dict	rle-dict	rle-dict	delta-length-byte-array	7711890	8847066	4908342	4908342	1.802455		1.000000	4	encoding_experiment/page-256kib-rgsize-10mib-file-10mib/10000_rows/results/configs/2026-07-03_rows-10000-comp-none-int-rle-dict-str-delta-length-byte-array-date-rle-dict-ts-rle-dict.md	encoding_experiment/page-256kib-rgsize-10mib-file-10mib/10000_rows/tsvs/2026-07-03_rows-10000-comp-none-int-rle-dict-str-delta-length-byte-array-date-rle-dict-ts-rle-dict_columns.tsv	encoding_experiment/page-256kib-rgsize-10mib-file-10mib/10000_rows/parquet/rows-10000-comp-none-int-rle-dict-str-delta-length-byte-array-date-rle-dict-ts-rle-dict
33	rows-10000-comp-snappy-int-plain-str-plain-date-plain-ts-plain	snappy	plain	plain	plain	plain	7711890	8847066	8846976	1274794	1.000010	6.939997	6.939926	3	encoding_experiment/page-256kib-rgsize-10mib-file-10mib/10000_rows/results/configs/2026-07-03_rows-10000-comp-snappy-int-plain-str-plain-date-plain-ts-plain.md	encoding_experiment/page-256kib-rgsize-10mib-file-10mib/10000_rows/tsvs/2026-07-03_rows-10000-comp-snappy-int-plain-str-plain-date-plain-ts-plain_columns.tsv	encoding_experiment/page-256kib-rgsize-10mib-file-10mib/10000_rows/parquet/rows-10000-comp-snappy-int-plain-str-plain-date-plain-ts-plain
34	rows-10000-comp-snappy-int-plain-str-rle-dict-date-plain-ts-plain	snappy	plain	plain	plain	rle-dict	7711890	8847066	4542751	950487	1.947513	9.307930	4.779393	3	encoding_experiment/page-256kib-rgsize-10mib-file-10mib/10000_rows/results/configs/2026-07-03_rows-10000-comp-snappy-int-plain-str-rle-dict-date-plain-ts-plain.md	encoding_experiment/page-256kib-rgsize-10mib-file-10mib/10000_rows/tsvs/2026-07-03_rows-10000-comp-snappy-int-plain-str-rle-dict-date-plain-ts-plain_columns.tsv	encoding_experiment/page-256kib-rgsize-10mib-file-10mib/10000_rows/parquet/rows-10000-comp-snappy-int-plain-str-rle-dict-date-plain-ts-plain
35	rows-10000-comp-snappy-int-plain-str-delta-byte-array-date-plain-ts-plain	snappy	plain	plain	plain	delta-byte-array	7711890	8847066	5014792	1094935	1.764194	8.079992	4.579991	3	encoding_experiment/page-256kib-rgsize-10mib-file-10mib/10000_rows/results/configs/2026-07-03_rows-10000-comp-snappy-int-plain-str-delta-byte-array-date-plain-ts-plain.md	encoding_experiment/page-256kib-rgsize-10mib-file-10mib/10000_rows/tsvs/2026-07-03_rows-10000-comp-snappy-int-plain-str-delta-byte-array-date-plain-ts-plain_columns.tsv	encoding_experiment/page-256kib-rgsize-10mib-file-10mib/10000_rows/parquet/rows-10000-comp-snappy-int-plain-str-delta-byte-array-date-plain-ts-plain
36	rows-10000-comp-snappy-int-plain-str-delta-length-byte-array-date-plain-ts-plain	snappy	plain	plain	plain	delta-length-byte-array	7711890	8847066	7813276	1243080	1.132312	7.117053	6.285417	4	encoding_experiment/page-256kib-rgsize-10mib-file-10mib/10000_rows/results/configs/2026-07-03_rows-10000-comp-snappy-int-plain-str-delta-length-byte-array-date-plain-ts-plain.md	encoding_experiment/page-256kib-rgsize-10mib-file-10mib/10000_rows/tsvs/2026-07-03_rows-10000-comp-snappy-int-plain-str-delta-length-byte-array-date-plain-ts-plain_columns.tsv	encoding_experiment/page-256kib-rgsize-10mib-file-10mib/10000_rows/parquet/rows-10000-comp-snappy-int-plain-str-delta-length-byte-array-date-plain-ts-plain
37	rows-10000-comp-snappy-int-plain-str-plain-date-plain-ts-rle-dict	snappy	plain	plain	rle-dict	plain	7711890	8847066	8779043	1304128	1.007748	6.783894	6.731734	3	encoding_experiment/page-256kib-rgsize-10mib-file-10mib/10000_rows/results/configs/2026-07-03_rows-10000-comp-snappy-int-plain-str-plain-date-plain-ts-rle-dict.md	encoding_experiment/page-256kib-rgsize-10mib-file-10mib/10000_rows/tsvs/2026-07-03_rows-10000-comp-snappy-int-plain-str-plain-date-plain-ts-rle-dict_columns.tsv	encoding_experiment/page-256kib-rgsize-10mib-file-10mib/10000_rows/parquet/rows-10000-comp-snappy-int-plain-str-plain-date-plain-ts-rle-dict
38	rows-10000-comp-snappy-int-plain-str-rle-dict-date-plain-ts-rle-dict	snappy	plain	plain	rle-dict	rle-dict	7711890	8847066	4474818	979821	1.977078	9.029268	4.566975	3	encoding_experiment/page-256kib-rgsize-10mib-file-10mib/10000_rows/results/configs/2026-07-03_rows-10000-comp-snappy-int-plain-str-rle-dict-date-plain-ts-rle-dict.md	encoding_experiment/page-256kib-rgsize-10mib-file-10mib/10000_rows/tsvs/2026-07-03_rows-10000-comp-snappy-int-plain-str-rle-dict-date-plain-ts-rle-dict_columns.tsv	encoding_experiment/page-256kib-rgsize-10mib-file-10mib/10000_rows/parquet/rows-10000-comp-snappy-int-plain-str-rle-dict-date-plain-ts-rle-dict
39	rows-10000-comp-snappy-int-plain-str-delta-byte-array-date-plain-ts-rle-dict	snappy	plain	plain	rle-dict	delta-byte-array	7711890	8847066	4946859	1124269	1.788421	7.869172	4.400067	4	encoding_experiment/page-256kib-rgsize-10mib-file-10mib/10000_rows/results/configs/2026-07-03_rows-10000-comp-snappy-int-plain-str-delta-byte-array-date-plain-ts-rle-dict.md	encoding_experiment/page-256kib-rgsize-10mib-file-10mib/10000_rows/tsvs/2026-07-03_rows-10000-comp-snappy-int-plain-str-delta-byte-array-date-plain-ts-rle-dict_columns.tsv	encoding_experiment/page-256kib-rgsize-10mib-file-10mib/10000_rows/parquet/rows-10000-comp-snappy-int-plain-str-delta-byte-array-date-plain-ts-rle-dict
40	rows-10000-comp-snappy-int-plain-str-delta-length-byte-array-date-plain-ts-rle-dict	snappy	plain	plain	rle-dict	delta-length-byte-array	7711890	8847066	7745343	1272414	1.142243	6.952978	6.087125	4	encoding_experiment/page-256kib-rgsize-10mib-file-10mib/10000_rows/results/configs/2026-07-03_rows-10000-comp-snappy-int-plain-str-delta-length-byte-array-date-plain-ts-rle-dict.md	encoding_experiment/page-256kib-rgsize-10mib-file-10mib/10000_rows/tsvs/2026-07-03_rows-10000-comp-snappy-int-plain-str-delta-length-byte-array-date-plain-ts-rle-dict_columns.tsv	encoding_experiment/page-256kib-rgsize-10mib-file-10mib/10000_rows/parquet/rows-10000-comp-snappy-int-plain-str-delta-length-byte-array-date-plain-ts-rle-dict
41	rows-10000-comp-snappy-int-plain-str-plain-date-rle-dict-ts-plain	snappy	plain	rle-dict	plain	plain	7711890	8847066	8807000	1272813	1.004549	6.950798	6.919320	3	encoding_experiment/page-256kib-rgsize-10mib-file-10mib/10000_rows/results/configs/2026-07-03_rows-10000-comp-snappy-int-plain-str-plain-date-rle-dict-ts-plain.md	encoding_experiment/page-256kib-rgsize-10mib-file-10mib/10000_rows/tsvs/2026-07-03_rows-10000-comp-snappy-int-plain-str-plain-date-rle-dict-ts-plain_columns.tsv	encoding_experiment/page-256kib-rgsize-10mib-file-10mib/10000_rows/parquet/rows-10000-comp-snappy-int-plain-str-plain-date-rle-dict-ts-plain
42	rows-10000-comp-snappy-int-plain-str-rle-dict-date-rle-dict-ts-plain	snappy	plain	rle-dict	plain	rle-dict	7711890	8847066	4502775	948506	1.964803	9.327370	4.747229	3	encoding_experiment/page-256kib-rgsize-10mib-file-10mib/10000_rows/results/configs/2026-07-03_rows-10000-comp-snappy-int-plain-str-rle-dict-date-rle-dict-ts-plain.md	encoding_experiment/page-256kib-rgsize-10mib-file-10mib/10000_rows/tsvs/2026-07-03_rows-10000-comp-snappy-int-plain-str-rle-dict-date-rle-dict-ts-plain_columns.tsv	encoding_experiment/page-256kib-rgsize-10mib-file-10mib/10000_rows/parquet/rows-10000-comp-snappy-int-plain-str-rle-dict-date-rle-dict-ts-plain
43	rows-10000-comp-snappy-int-plain-str-delta-byte-array-date-rle-dict-ts-plain	snappy	plain	rle-dict	plain	delta-byte-array	7711890	8847066	4974816	1092954	1.778370	8.094637	4.551716	4	encoding_experiment/page-256kib-rgsize-10mib-file-10mib/10000_rows/results/configs/2026-07-03_rows-10000-comp-snappy-int-plain-str-delta-byte-array-date-rle-dict-ts-plain.md	encoding_experiment/page-256kib-rgsize-10mib-file-10mib/10000_rows/tsvs/2026-07-03_rows-10000-comp-snappy-int-plain-str-delta-byte-array-date-rle-dict-ts-plain_columns.tsv	encoding_experiment/page-256kib-rgsize-10mib-file-10mib/10000_rows/parquet/rows-10000-comp-snappy-int-plain-str-delta-byte-array-date-rle-dict-ts-plain
44	rows-10000-comp-snappy-int-plain-str-delta-length-byte-array-date-rle-dict-ts-plain	snappy	plain	rle-dict	plain	delta-length-byte-array	7711890	8847066	7773300	1241099	1.138135	7.128413	6.263239	4	encoding_experiment/page-256kib-rgsize-10mib-file-10mib/10000_rows/results/configs/2026-07-03_rows-10000-comp-snappy-int-plain-str-delta-length-byte-array-date-rle-dict-ts-plain.md	encoding_experiment/page-256kib-rgsize-10mib-file-10mib/10000_rows/tsvs/2026-07-03_rows-10000-comp-snappy-int-plain-str-delta-length-byte-array-date-rle-dict-ts-plain_columns.tsv	encoding_experiment/page-256kib-rgsize-10mib-file-10mib/10000_rows/parquet/rows-10000-comp-snappy-int-plain-str-delta-length-byte-array-date-rle-dict-ts-plain
45	rows-10000-comp-snappy-int-plain-str-plain-date-rle-dict-ts-rle-dict	snappy	plain	rle-dict	rle-dict	plain	7711890	8847066	8739067	1302147	1.012358	6.794214	6.711275	4	encoding_experiment/page-256kib-rgsize-10mib-file-10mib/10000_rows/results/configs/2026-07-03_rows-10000-comp-snappy-int-plain-str-plain-date-rle-dict-ts-rle-dict.md	encoding_experiment/page-256kib-rgsize-10mib-file-10mib/10000_rows/tsvs/2026-07-03_rows-10000-comp-snappy-int-plain-str-plain-date-rle-dict-ts-rle-dict_columns.tsv	encoding_experiment/page-256kib-rgsize-10mib-file-10mib/10000_rows/parquet/rows-10000-comp-snappy-int-plain-str-plain-date-rle-dict-ts-rle-dict
46	rows-10000-comp-snappy-int-plain-str-rle-dict-date-rle-dict-ts-rle-dict	snappy	plain	rle-dict	rle-dict	rle-dict	7711890	8847066	4434842	977840	1.994900	9.047560	4.535345	4	encoding_experiment/page-256kib-rgsize-10mib-file-10mib/10000_rows/results/configs/2026-07-03_rows-10000-comp-snappy-int-plain-str-rle-dict-date-rle-dict-ts-rle-dict.md	encoding_experiment/page-256kib-rgsize-10mib-file-10mib/10000_rows/tsvs/2026-07-03_rows-10000-comp-snappy-int-plain-str-rle-dict-date-rle-dict-ts-rle-dict_columns.tsv	encoding_experiment/page-256kib-rgsize-10mib-file-10mib/10000_rows/parquet/rows-10000-comp-snappy-int-plain-str-rle-dict-date-rle-dict-ts-rle-dict
47	rows-10000-comp-snappy-int-plain-str-delta-byte-array-date-rle-dict-ts-rle-dict	snappy	plain	rle-dict	rle-dict	delta-byte-array	7711890	8847066	4906883	1122288	1.802991	7.883062	4.372214	4	encoding_experiment/page-256kib-rgsize-10mib-file-10mib/10000_rows/results/configs/2026-07-03_rows-10000-comp-snappy-int-plain-str-delta-byte-array-date-rle-dict-ts-rle-dict.md	encoding_experiment/page-256kib-rgsize-10mib-file-10mib/10000_rows/tsvs/2026-07-03_rows-10000-comp-snappy-int-plain-str-delta-byte-array-date-rle-dict-ts-rle-dict_columns.tsv	encoding_experiment/page-256kib-rgsize-10mib-file-10mib/10000_rows/parquet/rows-10000-comp-snappy-int-plain-str-delta-byte-array-date-rle-dict-ts-rle-dict
48	rows-10000-comp-snappy-int-plain-str-delta-length-byte-array-date-rle-dict-ts-rle-dict	snappy	plain	rle-dict	rle-dict	delta-length-byte-array	7711890	8847066	7705367	1270433	1.148169	6.963819	6.065150	4	encoding_experiment/page-256kib-rgsize-10mib-file-10mib/10000_rows/results/configs/2026-07-03_rows-10000-comp-snappy-int-plain-str-delta-length-byte-array-date-rle-dict-ts-rle-dict.md	encoding_experiment/page-256kib-rgsize-10mib-file-10mib/10000_rows/tsvs/2026-07-03_rows-10000-comp-snappy-int-plain-str-delta-length-byte-array-date-rle-dict-ts-rle-dict_columns.tsv	encoding_experiment/page-256kib-rgsize-10mib-file-10mib/10000_rows/parquet/rows-10000-comp-snappy-int-plain-str-delta-length-byte-array-date-rle-dict-ts-rle-dict
49	rows-10000-comp-snappy-int-rle-dict-str-plain-date-plain-ts-plain	snappy	rle-dict	plain	plain	plain	7711890	8847066	6049931	1173639	1.462342	7.538149	5.154848	3	encoding_experiment/page-256kib-rgsize-10mib-file-10mib/10000_rows/results/configs/2026-07-03_rows-10000-comp-snappy-int-rle-dict-str-plain-date-plain-ts-plain.md	encoding_experiment/page-256kib-rgsize-10mib-file-10mib/10000_rows/tsvs/2026-07-03_rows-10000-comp-snappy-int-rle-dict-str-plain-date-plain-ts-plain_columns.tsv	encoding_experiment/page-256kib-rgsize-10mib-file-10mib/10000_rows/parquet/rows-10000-comp-snappy-int-rle-dict-str-plain-date-plain-ts-plain
50	rows-10000-comp-snappy-int-rle-dict-str-rle-dict-date-plain-ts-plain	snappy	rle-dict	plain	plain	rle-dict	7711890	8847066	1745706	849332	5.067901	10.416499	2.055387	3	encoding_experiment/page-256kib-rgsize-10mib-file-10mib/10000_rows/results/configs/2026-07-03_rows-10000-comp-snappy-int-rle-dict-str-rle-dict-date-plain-ts-plain.md	encoding_experiment/page-256kib-rgsize-10mib-file-10mib/10000_rows/tsvs/2026-07-03_rows-10000-comp-snappy-int-rle-dict-str-rle-dict-date-plain-ts-plain_columns.tsv	encoding_experiment/page-256kib-rgsize-10mib-file-10mib/10000_rows/parquet/rows-10000-comp-snappy-int-rle-dict-str-rle-dict-date-plain-ts-plain
51	rows-10000-comp-snappy-int-rle-dict-str-delta-byte-array-date-plain-ts-plain	snappy	rle-dict	plain	plain	delta-byte-array	7711890	8847066	2217747	993780	3.989213	8.902439	2.231628	4	encoding_experiment/page-256kib-rgsize-10mib-file-10mib/10000_rows/results/configs/2026-07-03_rows-10000-comp-snappy-int-rle-dict-str-delta-byte-array-date-plain-ts-plain.md	encoding_experiment/page-256kib-rgsize-10mib-file-10mib/10000_rows/tsvs/2026-07-03_rows-10000-comp-snappy-int-rle-dict-str-delta-byte-array-date-plain-ts-plain_columns.tsv	encoding_experiment/page-256kib-rgsize-10mib-file-10mib/10000_rows/parquet/rows-10000-comp-snappy-int-rle-dict-str-delta-byte-array-date-plain-ts-plain
52	rows-10000-comp-snappy-int-rle-dict-str-delta-length-byte-array-date-plain-ts-plain	snappy	rle-dict	plain	plain	delta-length-byte-array	7711890	8847066	5016231	1141925	1.763688	7.747502	4.392785	4	encoding_experiment/page-256kib-rgsize-10mib-file-10mib/10000_rows/results/configs/2026-07-03_rows-10000-comp-snappy-int-rle-dict-str-delta-length-byte-array-date-plain-ts-plain.md	encoding_experiment/page-256kib-rgsize-10mib-file-10mib/10000_rows/tsvs/2026-07-03_rows-10000-comp-snappy-int-rle-dict-str-delta-length-byte-array-date-plain-ts-plain_columns.tsv	encoding_experiment/page-256kib-rgsize-10mib-file-10mib/10000_rows/parquet/rows-10000-comp-snappy-int-rle-dict-str-delta-length-byte-array-date-plain-ts-plain
53	rows-10000-comp-snappy-int-rle-dict-str-plain-date-plain-ts-rle-dict	snappy	rle-dict	plain	rle-dict	plain	7711890	8847066	5981998	1202973	1.478948	7.354335	4.972679	3	encoding_experiment/page-256kib-rgsize-10mib-file-10mib/10000_rows/results/configs/2026-07-03_rows-10000-comp-snappy-int-rle-dict-str-plain-date-plain-ts-rle-dict.md	encoding_experiment/page-256kib-rgsize-10mib-file-10mib/10000_rows/tsvs/2026-07-03_rows-10000-comp-snappy-int-rle-dict-str-plain-date-plain-ts-rle-dict_columns.tsv	encoding_experiment/page-256kib-rgsize-10mib-file-10mib/10000_rows/parquet/rows-10000-comp-snappy-int-rle-dict-str-plain-date-plain-ts-rle-dict
54	rows-10000-comp-snappy-int-rle-dict-str-rle-dict-date-plain-ts-rle-dict	snappy	rle-dict	plain	rle-dict	rle-dict	7711890	8847066	1677773	878666	5.273101	10.068747	1.909455	3	encoding_experiment/page-256kib-rgsize-10mib-file-10mib/10000_rows/results/configs/2026-07-03_rows-10000-comp-snappy-int-rle-dict-str-rle-dict-date-plain-ts-rle-dict.md	encoding_experiment/page-256kib-rgsize-10mib-file-10mib/10000_rows/tsvs/2026-07-03_rows-10000-comp-snappy-int-rle-dict-str-rle-dict-date-plain-ts-rle-dict_columns.tsv	encoding_experiment/page-256kib-rgsize-10mib-file-10mib/10000_rows/parquet/rows-10000-comp-snappy-int-rle-dict-str-rle-dict-date-plain-ts-rle-dict
55	rows-10000-comp-snappy-int-rle-dict-str-delta-byte-array-date-plain-ts-rle-dict	snappy	rle-dict	plain	rle-dict	delta-byte-array	7711890	8847066	2149814	1023114	4.115270	8.647195	2.101246	4	encoding_experiment/page-256kib-rgsize-10mib-file-10mib/10000_rows/results/configs/2026-07-03_rows-10000-comp-snappy-int-rle-dict-str-delta-byte-array-date-plain-ts-rle-dict.md	encoding_experiment/page-256kib-rgsize-10mib-file-10mib/10000_rows/tsvs/2026-07-03_rows-10000-comp-snappy-int-rle-dict-str-delta-byte-array-date-plain-ts-rle-dict_columns.tsv	encoding_experiment/page-256kib-rgsize-10mib-file-10mib/10000_rows/parquet/rows-10000-comp-snappy-int-rle-dict-str-delta-byte-array-date-plain-ts-rle-dict
56	rows-10000-comp-snappy-int-rle-dict-str-delta-length-byte-array-date-plain-ts-rle-dict	snappy	rle-dict	plain	rle-dict	delta-length-byte-array	7711890	8847066	4948298	1171259	1.787901	7.553467	4.224768	4	encoding_experiment/page-256kib-rgsize-10mib-file-10mib/10000_rows/results/configs/2026-07-03_rows-10000-comp-snappy-int-rle-dict-str-delta-length-byte-array-date-plain-ts-rle-dict.md	encoding_experiment/page-256kib-rgsize-10mib-file-10mib/10000_rows/tsvs/2026-07-03_rows-10000-comp-snappy-int-rle-dict-str-delta-length-byte-array-date-plain-ts-rle-dict_columns.tsv	encoding_experiment/page-256kib-rgsize-10mib-file-10mib/10000_rows/parquet/rows-10000-comp-snappy-int-rle-dict-str-delta-length-byte-array-date-plain-ts-rle-dict
57	rows-10000-comp-snappy-int-rle-dict-str-plain-date-rle-dict-ts-plain	snappy	rle-dict	rle-dict	plain	plain	7711890	8847066	6009955	1171658	1.472069	7.550895	5.129445	3	encoding_experiment/page-256kib-rgsize-10mib-file-10mib/10000_rows/results/configs/2026-07-03_rows-10000-comp-snappy-int-rle-dict-str-plain-date-rle-dict-ts-plain.md	encoding_experiment/page-256kib-rgsize-10mib-file-10mib/10000_rows/tsvs/2026-07-03_rows-10000-comp-snappy-int-rle-dict-str-plain-date-rle-dict-ts-plain_columns.tsv	encoding_experiment/page-256kib-rgsize-10mib-file-10mib/10000_rows/parquet/rows-10000-comp-snappy-int-rle-dict-str-plain-date-rle-dict-ts-plain
58	rows-10000-comp-snappy-int-rle-dict-str-rle-dict-date-rle-dict-ts-plain	snappy	rle-dict	rle-dict	plain	rle-dict	7711890	8847066	1705730	847351	5.186674	10.440852	2.013015	4	encoding_experiment/page-256kib-rgsize-10mib-file-10mib/10000_rows/results/configs/2026-07-03_rows-10000-comp-snappy-int-rle-dict-str-rle-dict-date-rle-dict-ts-plain.md	encoding_experiment/page-256kib-rgsize-10mib-file-10mib/10000_rows/tsvs/2026-07-03_rows-10000-comp-snappy-int-rle-dict-str-rle-dict-date-rle-dict-ts-plain_columns.tsv	encoding_experiment/page-256kib-rgsize-10mib-file-10mib/10000_rows/parquet/rows-10000-comp-snappy-int-rle-dict-str-rle-dict-date-rle-dict-ts-plain
59	rows-10000-comp-snappy-int-rle-dict-str-delta-byte-array-date-rle-dict-ts-plain	snappy	rle-dict	rle-dict	plain	delta-byte-array	7711890	8847066	2177771	991799	4.062441	8.920221	2.195779	4	encoding_experiment/page-256kib-rgsize-10mib-file-10mib/10000_rows/results/configs/2026-07-03_rows-10000-comp-snappy-int-rle-dict-str-delta-byte-array-date-rle-dict-ts-plain.md	encoding_experiment/page-256kib-rgsize-10mib-file-10mib/10000_rows/tsvs/2026-07-03_rows-10000-comp-snappy-int-rle-dict-str-delta-byte-array-date-rle-dict-ts-plain_columns.tsv	encoding_experiment/page-256kib-rgsize-10mib-file-10mib/10000_rows/parquet/rows-10000-comp-snappy-int-rle-dict-str-delta-byte-array-date-rle-dict-ts-plain
60	rows-10000-comp-snappy-int-rle-dict-str-delta-length-byte-array-date-rle-dict-ts-plain	snappy	rle-dict	rle-dict	plain	delta-length-byte-array	7711890	8847066	4976255	1139944	1.777856	7.760965	4.365350	5	encoding_experiment/page-256kib-rgsize-10mib-file-10mib/10000_rows/results/configs/2026-07-03_rows-10000-comp-snappy-int-rle-dict-str-delta-length-byte-array-date-rle-dict-ts-plain.md	encoding_experiment/page-256kib-rgsize-10mib-file-10mib/10000_rows/tsvs/2026-07-03_rows-10000-comp-snappy-int-rle-dict-str-delta-length-byte-array-date-rle-dict-ts-plain_columns.tsv	encoding_experiment/page-256kib-rgsize-10mib-file-10mib/10000_rows/parquet/rows-10000-comp-snappy-int-rle-dict-str-delta-length-byte-array-date-rle-dict-ts-plain
61	rows-10000-comp-snappy-int-rle-dict-str-plain-date-rle-dict-ts-rle-dict	snappy	rle-dict	rle-dict	rle-dict	plain	7711890	8847066	5942022	1200992	1.488898	7.366465	4.947595	3	encoding_experiment/page-256kib-rgsize-10mib-file-10mib/10000_rows/results/configs/2026-07-03_rows-10000-comp-snappy-int-rle-dict-str-plain-date-rle-dict-ts-rle-dict.md	encoding_experiment/page-256kib-rgsize-10mib-file-10mib/10000_rows/tsvs/2026-07-03_rows-10000-comp-snappy-int-rle-dict-str-plain-date-rle-dict-ts-rle-dict_columns.tsv	encoding_experiment/page-256kib-rgsize-10mib-file-10mib/10000_rows/parquet/rows-10000-comp-snappy-int-rle-dict-str-plain-date-rle-dict-ts-rle-dict
62	rows-10000-comp-snappy-int-rle-dict-str-rle-dict-date-rle-dict-ts-rle-dict	snappy	rle-dict	rle-dict	rle-dict	rle-dict	7711890	8847066	1637797	876685	5.401809	10.091499	1.868170	4	encoding_experiment/page-256kib-rgsize-10mib-file-10mib/10000_rows/results/configs/2026-07-03_rows-10000-comp-snappy-int-rle-dict-str-rle-dict-date-rle-dict-ts-rle-dict.md	encoding_experiment/page-256kib-rgsize-10mib-file-10mib/10000_rows/tsvs/2026-07-03_rows-10000-comp-snappy-int-rle-dict-str-rle-dict-date-rle-dict-ts-rle-dict_columns.tsv	encoding_experiment/page-256kib-rgsize-10mib-file-10mib/10000_rows/parquet/rows-10000-comp-snappy-int-rle-dict-str-rle-dict-date-rle-dict-ts-rle-dict
63	rows-10000-comp-snappy-int-rle-dict-str-delta-byte-array-date-rle-dict-ts-rle-dict	snappy	rle-dict	rle-dict	rle-dict	delta-byte-array	7711890	8847066	2109838	1021133	4.193244	8.663970	2.066174	4	encoding_experiment/page-256kib-rgsize-10mib-file-10mib/10000_rows/results/configs/2026-07-03_rows-10000-comp-snappy-int-rle-dict-str-delta-byte-array-date-rle-dict-ts-rle-dict.md	encoding_experiment/page-256kib-rgsize-10mib-file-10mib/10000_rows/tsvs/2026-07-03_rows-10000-comp-snappy-int-rle-dict-str-delta-byte-array-date-rle-dict-ts-rle-dict_columns.tsv	encoding_experiment/page-256kib-rgsize-10mib-file-10mib/10000_rows/parquet/rows-10000-comp-snappy-int-rle-dict-str-delta-byte-array-date-rle-dict-ts-rle-dict
64	rows-10000-comp-snappy-int-rle-dict-str-delta-length-byte-array-date-rle-dict-ts-rle-dict	snappy	rle-dict	rle-dict	rle-dict	delta-length-byte-array	7711890	8847066	4908322	1169278	1.802462	7.566264	4.197737	4	encoding_experiment/page-256kib-rgsize-10mib-file-10mib/10000_rows/results/configs/2026-07-03_rows-10000-comp-snappy-int-rle-dict-str-delta-length-byte-array-date-rle-dict-ts-rle-dict.md	encoding_experiment/page-256kib-rgsize-10mib-file-10mib/10000_rows/tsvs/2026-07-03_rows-10000-comp-snappy-int-rle-dict-str-delta-length-byte-array-date-rle-dict-ts-rle-dict_columns.tsv	encoding_experiment/page-256kib-rgsize-10mib-file-10mib/10000_rows/parquet/rows-10000-comp-snappy-int-rle-dict-str-delta-length-byte-array-date-rle-dict-ts-rle-dict
65	rows-10000-comp-zstd-3-int-plain-str-plain-date-plain-ts-plain	zstd-3	plain	plain	plain	plain	7711890	8847066	8846925	760859	1.000016	11.627734	11.627549	3	encoding_experiment/page-256kib-rgsize-10mib-file-10mib/10000_rows/results/configs/2026-07-03_rows-10000-comp-zstd-3-int-plain-str-plain-date-plain-ts-plain.md	encoding_experiment/page-256kib-rgsize-10mib-file-10mib/10000_rows/tsvs/2026-07-03_rows-10000-comp-zstd-3-int-plain-str-plain-date-plain-ts-plain_columns.tsv	encoding_experiment/page-256kib-rgsize-10mib-file-10mib/10000_rows/parquet/rows-10000-comp-zstd-3-int-plain-str-plain-date-plain-ts-plain
66	rows-10000-comp-zstd-3-int-plain-str-rle-dict-date-plain-ts-plain	zstd-3	plain	plain	plain	rle-dict	7711890	8847066	4542719	636536	1.947527	13.898768	7.136625	3	encoding_experiment/page-256kib-rgsize-10mib-file-10mib/10000_rows/results/configs/2026-07-03_rows-10000-comp-zstd-3-int-plain-str-rle-dict-date-plain-ts-plain.md	encoding_experiment/page-256kib-rgsize-10mib-file-10mib/10000_rows/tsvs/2026-07-03_rows-10000-comp-zstd-3-int-plain-str-rle-dict-date-plain-ts-plain_columns.tsv	encoding_experiment/page-256kib-rgsize-10mib-file-10mib/10000_rows/parquet/rows-10000-comp-zstd-3-int-plain-str-rle-dict-date-plain-ts-plain
67	rows-10000-comp-zstd-3-int-plain-str-delta-byte-array-date-plain-ts-plain	zstd-3	plain	plain	plain	delta-byte-array	7711890	8847066	5014753	767543	1.764208	11.526476	6.533514	3	encoding_experiment/page-256kib-rgsize-10mib-file-10mib/10000_rows/results/configs/2026-07-03_rows-10000-comp-zstd-3-int-plain-str-delta-byte-array-date-plain-ts-plain.md	encoding_experiment/page-256kib-rgsize-10mib-file-10mib/10000_rows/tsvs/2026-07-03_rows-10000-comp-zstd-3-int-plain-str-delta-byte-array-date-plain-ts-plain_columns.tsv	encoding_experiment/page-256kib-rgsize-10mib-file-10mib/10000_rows/parquet/rows-10000-comp-zstd-3-int-plain-str-delta-byte-array-date-plain-ts-plain
68	rows-10000-comp-zstd-3-int-plain-str-delta-length-byte-array-date-plain-ts-plain	zstd-3	plain	plain	plain	delta-length-byte-array	7711890	8847066	7813238	794793	1.132317	11.131283	9.830532	4	encoding_experiment/page-256kib-rgsize-10mib-file-10mib/10000_rows/results/configs/2026-07-03_rows-10000-comp-zstd-3-int-plain-str-delta-length-byte-array-date-plain-ts-plain.md	encoding_experiment/page-256kib-rgsize-10mib-file-10mib/10000_rows/tsvs/2026-07-03_rows-10000-comp-zstd-3-int-plain-str-delta-length-byte-array-date-plain-ts-plain_columns.tsv	encoding_experiment/page-256kib-rgsize-10mib-file-10mib/10000_rows/parquet/rows-10000-comp-zstd-3-int-plain-str-delta-length-byte-array-date-plain-ts-plain
69	rows-10000-comp-zstd-3-int-plain-str-plain-date-plain-ts-rle-dict	zstd-3	plain	plain	rle-dict	plain	7711890	8847066	8778991	806438	1.007754	10.970547	10.886133	3	encoding_experiment/page-256kib-rgsize-10mib-file-10mib/10000_rows/results/configs/2026-07-03_rows-10000-comp-zstd-3-int-plain-str-plain-date-plain-ts-rle-dict.md	encoding_experiment/page-256kib-rgsize-10mib-file-10mib/10000_rows/tsvs/2026-07-03_rows-10000-comp-zstd-3-int-plain-str-plain-date-plain-ts-rle-dict_columns.tsv	encoding_experiment/page-256kib-rgsize-10mib-file-10mib/10000_rows/parquet/rows-10000-comp-zstd-3-int-plain-str-plain-date-plain-ts-rle-dict
70	rows-10000-comp-zstd-3-int-plain-str-rle-dict-date-plain-ts-rle-dict	zstd-3	plain	plain	rle-dict	rle-dict	7711890	8847066	4474785	682115	1.977093	12.970051	6.560162	4	encoding_experiment/page-256kib-rgsize-10mib-file-10mib/10000_rows/results/configs/2026-07-03_rows-10000-comp-zstd-3-int-plain-str-rle-dict-date-plain-ts-rle-dict.md	encoding_experiment/page-256kib-rgsize-10mib-file-10mib/10000_rows/tsvs/2026-07-03_rows-10000-comp-zstd-3-int-plain-str-rle-dict-date-plain-ts-rle-dict_columns.tsv	encoding_experiment/page-256kib-rgsize-10mib-file-10mib/10000_rows/parquet/rows-10000-comp-zstd-3-int-plain-str-rle-dict-date-plain-ts-rle-dict
71	rows-10000-comp-zstd-3-int-plain-str-delta-byte-array-date-plain-ts-rle-dict	zstd-3	plain	plain	rle-dict	delta-byte-array	7711890	8847066	4946819	813122	1.788435	10.880367	6.083735	4	encoding_experiment/page-256kib-rgsize-10mib-file-10mib/10000_rows/results/configs/2026-07-03_rows-10000-comp-zstd-3-int-plain-str-delta-byte-array-date-plain-ts-rle-dict.md	encoding_experiment/page-256kib-rgsize-10mib-file-10mib/10000_rows/tsvs/2026-07-03_rows-10000-comp-zstd-3-int-plain-str-delta-byte-array-date-plain-ts-rle-dict_columns.tsv	encoding_experiment/page-256kib-rgsize-10mib-file-10mib/10000_rows/parquet/rows-10000-comp-zstd-3-int-plain-str-delta-byte-array-date-plain-ts-rle-dict
72	rows-10000-comp-zstd-3-int-plain-str-delta-length-byte-array-date-plain-ts-rle-dict	zstd-3	plain	plain	rle-dict	delta-length-byte-array	7711890	8847066	7745304	840372	1.142249	10.527559	9.216518	4	encoding_experiment/page-256kib-rgsize-10mib-file-10mib/10000_rows/results/configs/2026-07-03_rows-10000-comp-zstd-3-int-plain-str-delta-length-byte-array-date-plain-ts-rle-dict.md	encoding_experiment/page-256kib-rgsize-10mib-file-10mib/10000_rows/tsvs/2026-07-03_rows-10000-comp-zstd-3-int-plain-str-delta-length-byte-array-date-plain-ts-rle-dict_columns.tsv	encoding_experiment/page-256kib-rgsize-10mib-file-10mib/10000_rows/parquet/rows-10000-comp-zstd-3-int-plain-str-delta-length-byte-array-date-plain-ts-rle-dict
73	rows-10000-comp-zstd-3-int-plain-str-plain-date-rle-dict-ts-plain	zstd-3	plain	rle-dict	plain	plain	7711890	8847066	8806950	760879	1.004555	11.627428	11.574705	3	encoding_experiment/page-256kib-rgsize-10mib-file-10mib/10000_rows/results/configs/2026-07-03_rows-10000-comp-zstd-3-int-plain-str-plain-date-rle-dict-ts-plain.md	encoding_experiment/page-256kib-rgsize-10mib-file-10mib/10000_rows/tsvs/2026-07-03_rows-10000-comp-zstd-3-int-plain-str-plain-date-rle-dict-ts-plain_columns.tsv	encoding_experiment/page-256kib-rgsize-10mib-file-10mib/10000_rows/parquet/rows-10000-comp-zstd-3-int-plain-str-plain-date-rle-dict-ts-plain
74	rows-10000-comp-zstd-3-int-plain-str-rle-dict-date-rle-dict-ts-plain	zstd-3	plain	rle-dict	plain	rle-dict	7711890	8847066	4502744	636556	1.964817	13.898331	7.073602	3	encoding_experiment/page-256kib-rgsize-10mib-file-10mib/10000_rows/results/configs/2026-07-03_rows-10000-comp-zstd-3-int-plain-str-rle-dict-date-rle-dict-ts-plain.md	encoding_experiment/page-256kib-rgsize-10mib-file-10mib/10000_rows/tsvs/2026-07-03_rows-10000-comp-zstd-3-int-plain-str-rle-dict-date-rle-dict-ts-plain_columns.tsv	encoding_experiment/page-256kib-rgsize-10mib-file-10mib/10000_rows/parquet/rows-10000-comp-zstd-3-int-plain-str-rle-dict-date-rle-dict-ts-plain
75	rows-10000-comp-zstd-3-int-plain-str-delta-byte-array-date-rle-dict-ts-plain	zstd-3	plain	rle-dict	plain	delta-byte-array	7711890	8847066	4974778	767563	1.778384	11.526176	6.481263	4	encoding_experiment/page-256kib-rgsize-10mib-file-10mib/10000_rows/results/configs/2026-07-03_rows-10000-comp-zstd-3-int-plain-str-delta-byte-array-date-rle-dict-ts-plain.md	encoding_experiment/page-256kib-rgsize-10mib-file-10mib/10000_rows/tsvs/2026-07-03_rows-10000-comp-zstd-3-int-plain-str-delta-byte-array-date-rle-dict-ts-plain_columns.tsv	encoding_experiment/page-256kib-rgsize-10mib-file-10mib/10000_rows/parquet/rows-10000-comp-zstd-3-int-plain-str-delta-byte-array-date-rle-dict-ts-plain
76	rows-10000-comp-zstd-3-int-plain-str-delta-length-byte-array-date-rle-dict-ts-plain	zstd-3	plain	rle-dict	plain	delta-length-byte-array	7711890	8847066	7773263	794813	1.138141	11.131003	9.779990	4	encoding_experiment/page-256kib-rgsize-10mib-file-10mib/10000_rows/results/configs/2026-07-03_rows-10000-comp-zstd-3-int-plain-str-delta-length-byte-array-date-rle-dict-ts-plain.md	encoding_experiment/page-256kib-rgsize-10mib-file-10mib/10000_rows/tsvs/2026-07-03_rows-10000-comp-zstd-3-int-plain-str-delta-length-byte-array-date-rle-dict-ts-plain_columns.tsv	encoding_experiment/page-256kib-rgsize-10mib-file-10mib/10000_rows/parquet/rows-10000-comp-zstd-3-int-plain-str-delta-length-byte-array-date-rle-dict-ts-plain
77	rows-10000-comp-zstd-3-int-plain-str-plain-date-rle-dict-ts-rle-dict	zstd-3	plain	rle-dict	rle-dict	plain	7711890	8847066	8739016	806458	1.012364	10.970275	10.836294	3	encoding_experiment/page-256kib-rgsize-10mib-file-10mib/10000_rows/results/configs/2026-07-03_rows-10000-comp-zstd-3-int-plain-str-plain-date-rle-dict-ts-rle-dict.md	encoding_experiment/page-256kib-rgsize-10mib-file-10mib/10000_rows/tsvs/2026-07-03_rows-10000-comp-zstd-3-int-plain-str-plain-date-rle-dict-ts-rle-dict_columns.tsv	encoding_experiment/page-256kib-rgsize-10mib-file-10mib/10000_rows/parquet/rows-10000-comp-zstd-3-int-plain-str-plain-date-rle-dict-ts-rle-dict
78	rows-10000-comp-zstd-3-int-plain-str-rle-dict-date-rle-dict-ts-rle-dict	zstd-3	plain	rle-dict	rle-dict	rle-dict	7711890	8847066	4434810	682135	1.994914	12.969670	6.501367	3	encoding_experiment/page-256kib-rgsize-10mib-file-10mib/10000_rows/results/configs/2026-07-03_rows-10000-comp-zstd-3-int-plain-str-rle-dict-date-rle-dict-ts-rle-dict.md	encoding_experiment/page-256kib-rgsize-10mib-file-10mib/10000_rows/tsvs/2026-07-03_rows-10000-comp-zstd-3-int-plain-str-rle-dict-date-rle-dict-ts-rle-dict_columns.tsv	encoding_experiment/page-256kib-rgsize-10mib-file-10mib/10000_rows/parquet/rows-10000-comp-zstd-3-int-plain-str-rle-dict-date-rle-dict-ts-rle-dict
79	rows-10000-comp-zstd-3-int-plain-str-delta-byte-array-date-rle-dict-ts-rle-dict	zstd-3	plain	rle-dict	rle-dict	delta-byte-array	7711890	8847066	4906844	813142	1.803005	10.880100	6.034424	4	encoding_experiment/page-256kib-rgsize-10mib-file-10mib/10000_rows/results/configs/2026-07-03_rows-10000-comp-zstd-3-int-plain-str-delta-byte-array-date-rle-dict-ts-rle-dict.md	encoding_experiment/page-256kib-rgsize-10mib-file-10mib/10000_rows/tsvs/2026-07-03_rows-10000-comp-zstd-3-int-plain-str-delta-byte-array-date-rle-dict-ts-rle-dict_columns.tsv	encoding_experiment/page-256kib-rgsize-10mib-file-10mib/10000_rows/parquet/rows-10000-comp-zstd-3-int-plain-str-delta-byte-array-date-rle-dict-ts-rle-dict
80	rows-10000-comp-zstd-3-int-plain-str-delta-length-byte-array-date-rle-dict-ts-rle-dict	zstd-3	plain	rle-dict	rle-dict	delta-length-byte-array	7711890	8847066	7705329	840392	1.148175	10.527309	9.168732	4	encoding_experiment/page-256kib-rgsize-10mib-file-10mib/10000_rows/results/configs/2026-07-03_rows-10000-comp-zstd-3-int-plain-str-delta-length-byte-array-date-rle-dict-ts-rle-dict.md	encoding_experiment/page-256kib-rgsize-10mib-file-10mib/10000_rows/tsvs/2026-07-03_rows-10000-comp-zstd-3-int-plain-str-delta-length-byte-array-date-rle-dict-ts-rle-dict_columns.tsv	encoding_experiment/page-256kib-rgsize-10mib-file-10mib/10000_rows/parquet/rows-10000-comp-zstd-3-int-plain-str-delta-length-byte-array-date-rle-dict-ts-rle-dict
81	rows-10000-comp-zstd-3-int-rle-dict-str-plain-date-plain-ts-plain	zstd-3	rle-dict	plain	plain	plain	7711890	8847066	6049924	830525	1.462343	10.652378	7.284457	3	encoding_experiment/page-256kib-rgsize-10mib-file-10mib/10000_rows/results/configs/2026-07-03_rows-10000-comp-zstd-3-int-rle-dict-str-plain-date-plain-ts-plain.md	encoding_experiment/page-256kib-rgsize-10mib-file-10mib/10000_rows/tsvs/2026-07-03_rows-10000-comp-zstd-3-int-rle-dict-str-plain-date-plain-ts-plain_columns.tsv	encoding_experiment/page-256kib-rgsize-10mib-file-10mib/10000_rows/parquet/rows-10000-comp-zstd-3-int-rle-dict-str-plain-date-plain-ts-plain
82	rows-10000-comp-zstd-3-int-rle-dict-str-rle-dict-date-plain-ts-plain	zstd-3	rle-dict	plain	plain	rle-dict	7711890	8847066	1745718	706202	5.067867	12.527671	2.471981	3	encoding_experiment/page-256kib-rgsize-10mib-file-10mib/10000_rows/results/configs/2026-07-03_rows-10000-comp-zstd-3-int-rle-dict-str-rle-dict-date-plain-ts-plain.md	encoding_experiment/page-256kib-rgsize-10mib-file-10mib/10000_rows/tsvs/2026-07-03_rows-10000-comp-zstd-3-int-rle-dict-str-rle-dict-date-plain-ts-plain_columns.tsv	encoding_experiment/page-256kib-rgsize-10mib-file-10mib/10000_rows/parquet/rows-10000-comp-zstd-3-int-rle-dict-str-rle-dict-date-plain-ts-plain
83	rows-10000-comp-zstd-3-int-rle-dict-str-delta-byte-array-date-plain-ts-plain	zstd-3	rle-dict	plain	plain	delta-byte-array	7711890	8847066	2217752	837209	3.989204	10.567333	2.648983	4	encoding_experiment/page-256kib-rgsize-10mib-file-10mib/10000_rows/results/configs/2026-07-03_rows-10000-comp-zstd-3-int-rle-dict-str-delta-byte-array-date-plain-ts-plain.md	encoding_experiment/page-256kib-rgsize-10mib-file-10mib/10000_rows/tsvs/2026-07-03_rows-10000-comp-zstd-3-int-rle-dict-str-delta-byte-array-date-plain-ts-plain_columns.tsv	encoding_experiment/page-256kib-rgsize-10mib-file-10mib/10000_rows/parquet/rows-10000-comp-zstd-3-int-rle-dict-str-delta-byte-array-date-plain-ts-plain
84	rows-10000-comp-zstd-3-int-rle-dict-str-delta-length-byte-array-date-plain-ts-plain	zstd-3	rle-dict	plain	plain	delta-length-byte-array	7711890	8847066	5016237	864459	1.763686	10.234223	5.802747	4	encoding_experiment/page-256kib-rgsize-10mib-file-10mib/10000_rows/results/configs/2026-07-03_rows-10000-comp-zstd-3-int-rle-dict-str-delta-length-byte-array-date-plain-ts-plain.md	encoding_experiment/page-256kib-rgsize-10mib-file-10mib/10000_rows/tsvs/2026-07-03_rows-10000-comp-zstd-3-int-rle-dict-str-delta-length-byte-array-date-plain-ts-plain_columns.tsv	encoding_experiment/page-256kib-rgsize-10mib-file-10mib/10000_rows/parquet/rows-10000-comp-zstd-3-int-rle-dict-str-delta-length-byte-array-date-plain-ts-plain
85	rows-10000-comp-zstd-3-int-rle-dict-str-plain-date-plain-ts-rle-dict	zstd-3	rle-dict	plain	rle-dict	plain	7711890	8847066	5981990	876104	1.478950	10.098192	6.827945	4	encoding_experiment/page-256kib-rgsize-10mib-file-10mib/10000_rows/results/configs/2026-07-03_rows-10000-comp-zstd-3-int-rle-dict-str-plain-date-plain-ts-rle-dict.md	encoding_experiment/page-256kib-rgsize-10mib-file-10mib/10000_rows/tsvs/2026-07-03_rows-10000-comp-zstd-3-int-rle-dict-str-plain-date-plain-ts-rle-dict_columns.tsv	encoding_experiment/page-256kib-rgsize-10mib-file-10mib/10000_rows/parquet/rows-10000-comp-zstd-3-int-rle-dict-str-plain-date-plain-ts-rle-dict
86	rows-10000-comp-zstd-3-int-rle-dict-str-rle-dict-date-plain-ts-rle-dict	zstd-3	rle-dict	plain	rle-dict	rle-dict	7711890	8847066	1677784	751781	5.273066	11.768143	2.231746	4	encoding_experiment/page-256kib-rgsize-10mib-file-10mib/10000_rows/results/configs/2026-07-03_rows-10000-comp-zstd-3-int-rle-dict-str-rle-dict-date-plain-ts-rle-dict.md	encoding_experiment/page-256kib-rgsize-10mib-file-10mib/10000_rows/tsvs/2026-07-03_rows-10000-comp-zstd-3-int-rle-dict-str-rle-dict-date-plain-ts-rle-dict_columns.tsv	encoding_experiment/page-256kib-rgsize-10mib-file-10mib/10000_rows/parquet/rows-10000-comp-zstd-3-int-rle-dict-str-rle-dict-date-plain-ts-rle-dict
87	rows-10000-comp-zstd-3-int-rle-dict-str-delta-byte-array-date-plain-ts-rle-dict	zstd-3	rle-dict	plain	rle-dict	delta-byte-array	7711890	8847066	2149818	882788	4.115263	10.021733	2.435260	4	encoding_experiment/page-256kib-rgsize-10mib-file-10mib/10000_rows/results/configs/2026-07-03_rows-10000-comp-zstd-3-int-rle-dict-str-delta-byte-array-date-plain-ts-rle-dict.md	encoding_experiment/page-256kib-rgsize-10mib-file-10mib/10000_rows/tsvs/2026-07-03_rows-10000-comp-zstd-3-int-rle-dict-str-delta-byte-array-date-plain-ts-rle-dict_columns.tsv	encoding_experiment/page-256kib-rgsize-10mib-file-10mib/10000_rows/parquet/rows-10000-comp-zstd-3-int-rle-dict-str-delta-byte-array-date-plain-ts-rle-dict
88	rows-10000-comp-zstd-3-int-rle-dict-str-delta-length-byte-array-date-plain-ts-rle-dict	zstd-3	rle-dict	plain	rle-dict	delta-length-byte-array	7711890	8847066	4948303	910038	1.787899	9.721645	5.437469	4	encoding_experiment/page-256kib-rgsize-10mib-file-10mib/10000_rows/results/configs/2026-07-03_rows-10000-comp-zstd-3-int-rle-dict-str-delta-length-byte-array-date-plain-ts-rle-dict.md	encoding_experiment/page-256kib-rgsize-10mib-file-10mib/10000_rows/tsvs/2026-07-03_rows-10000-comp-zstd-3-int-rle-dict-str-delta-length-byte-array-date-plain-ts-rle-dict_columns.tsv	encoding_experiment/page-256kib-rgsize-10mib-file-10mib/10000_rows/parquet/rows-10000-comp-zstd-3-int-rle-dict-str-delta-length-byte-array-date-plain-ts-rle-dict
89	rows-10000-comp-zstd-3-int-rle-dict-str-plain-date-rle-dict-ts-plain	zstd-3	rle-dict	rle-dict	plain	plain	7711890	8847066	6009949	830545	1.472070	10.652121	7.236151	3	encoding_experiment/page-256kib-rgsize-10mib-file-10mib/10000_rows/results/configs/2026-07-03_rows-10000-comp-zstd-3-int-rle-dict-str-plain-date-rle-dict-ts-plain.md	encoding_experiment/page-256kib-rgsize-10mib-file-10mib/10000_rows/tsvs/2026-07-03_rows-10000-comp-zstd-3-int-rle-dict-str-plain-date-rle-dict-ts-plain_columns.tsv	encoding_experiment/page-256kib-rgsize-10mib-file-10mib/10000_rows/parquet/rows-10000-comp-zstd-3-int-rle-dict-str-plain-date-rle-dict-ts-plain
90	rows-10000-comp-zstd-3-int-rle-dict-str-rle-dict-date-rle-dict-ts-plain	zstd-3	rle-dict	rle-dict	plain	rle-dict	7711890	8847066	1705743	706222	5.186635	12.527316	2.415307	3	encoding_experiment/page-256kib-rgsize-10mib-file-10mib/10000_rows/results/configs/2026-07-03_rows-10000-comp-zstd-3-int-rle-dict-str-rle-dict-date-rle-dict-ts-plain.md	encoding_experiment/page-256kib-rgsize-10mib-file-10mib/10000_rows/tsvs/2026-07-03_rows-10000-comp-zstd-3-int-rle-dict-str-rle-dict-date-rle-dict-ts-plain_columns.tsv	encoding_experiment/page-256kib-rgsize-10mib-file-10mib/10000_rows/parquet/rows-10000-comp-zstd-3-int-rle-dict-str-rle-dict-date-rle-dict-ts-plain
91	rows-10000-comp-zstd-3-int-rle-dict-str-delta-byte-array-date-rle-dict-ts-plain	zstd-3	rle-dict	rle-dict	plain	delta-byte-array	7711890	8847066	2177777	837229	4.062430	10.567080	2.601172	4	encoding_experiment/page-256kib-rgsize-10mib-file-10mib/10000_rows/results/configs/2026-07-03_rows-10000-comp-zstd-3-int-rle-dict-str-delta-byte-array-date-rle-dict-ts-plain.md	encoding_experiment/page-256kib-rgsize-10mib-file-10mib/10000_rows/tsvs/2026-07-03_rows-10000-comp-zstd-3-int-rle-dict-str-delta-byte-array-date-rle-dict-ts-plain_columns.tsv	encoding_experiment/page-256kib-rgsize-10mib-file-10mib/10000_rows/parquet/rows-10000-comp-zstd-3-int-rle-dict-str-delta-byte-array-date-rle-dict-ts-plain
92	rows-10000-comp-zstd-3-int-rle-dict-str-delta-length-byte-array-date-rle-dict-ts-plain	zstd-3	rle-dict	rle-dict	plain	delta-length-byte-array	7711890	8847066	4976262	864479	1.777854	10.233986	5.756371	4	encoding_experiment/page-256kib-rgsize-10mib-file-10mib/10000_rows/results/configs/2026-07-03_rows-10000-comp-zstd-3-int-rle-dict-str-delta-length-byte-array-date-rle-dict-ts-plain.md	encoding_experiment/page-256kib-rgsize-10mib-file-10mib/10000_rows/tsvs/2026-07-03_rows-10000-comp-zstd-3-int-rle-dict-str-delta-length-byte-array-date-rle-dict-ts-plain_columns.tsv	encoding_experiment/page-256kib-rgsize-10mib-file-10mib/10000_rows/parquet/rows-10000-comp-zstd-3-int-rle-dict-str-delta-length-byte-array-date-rle-dict-ts-plain
93	rows-10000-comp-zstd-3-int-rle-dict-str-plain-date-rle-dict-ts-rle-dict	zstd-3	rle-dict	rle-dict	rle-dict	plain	7711890	8847066	5942015	876124	1.488900	10.097961	6.782162	3	encoding_experiment/page-256kib-rgsize-10mib-file-10mib/10000_rows/results/configs/2026-07-03_rows-10000-comp-zstd-3-int-rle-dict-str-plain-date-rle-dict-ts-rle-dict.md	encoding_experiment/page-256kib-rgsize-10mib-file-10mib/10000_rows/tsvs/2026-07-03_rows-10000-comp-zstd-3-int-rle-dict-str-plain-date-rle-dict-ts-rle-dict_columns.tsv	encoding_experiment/page-256kib-rgsize-10mib-file-10mib/10000_rows/parquet/rows-10000-comp-zstd-3-int-rle-dict-str-plain-date-rle-dict-ts-rle-dict
94	rows-10000-comp-zstd-3-int-rle-dict-str-rle-dict-date-rle-dict-ts-rle-dict	zstd-3	rle-dict	rle-dict	rle-dict	rle-dict	7711890	8847066	1637809	751801	5.401769	11.767830	2.178514	4	encoding_experiment/page-256kib-rgsize-10mib-file-10mib/10000_rows/results/configs/2026-07-03_rows-10000-comp-zstd-3-int-rle-dict-str-rle-dict-date-rle-dict-ts-rle-dict.md	encoding_experiment/page-256kib-rgsize-10mib-file-10mib/10000_rows/tsvs/2026-07-03_rows-10000-comp-zstd-3-int-rle-dict-str-rle-dict-date-rle-dict-ts-rle-dict_columns.tsv	encoding_experiment/page-256kib-rgsize-10mib-file-10mib/10000_rows/parquet/rows-10000-comp-zstd-3-int-rle-dict-str-rle-dict-date-rle-dict-ts-rle-dict
95	rows-10000-comp-zstd-3-int-rle-dict-str-delta-byte-array-date-rle-dict-ts-rle-dict	zstd-3	rle-dict	rle-dict	rle-dict	delta-byte-array	7711890	8847066	2109843	882808	4.193234	10.021506	2.389923	4	encoding_experiment/page-256kib-rgsize-10mib-file-10mib/10000_rows/results/configs/2026-07-03_rows-10000-comp-zstd-3-int-rle-dict-str-delta-byte-array-date-rle-dict-ts-rle-dict.md	encoding_experiment/page-256kib-rgsize-10mib-file-10mib/10000_rows/tsvs/2026-07-03_rows-10000-comp-zstd-3-int-rle-dict-str-delta-byte-array-date-rle-dict-ts-rle-dict_columns.tsv	encoding_experiment/page-256kib-rgsize-10mib-file-10mib/10000_rows/parquet/rows-10000-comp-zstd-3-int-rle-dict-str-delta-byte-array-date-rle-dict-ts-rle-dict
96	rows-10000-comp-zstd-3-int-rle-dict-str-delta-length-byte-array-date-rle-dict-ts-rle-dict	zstd-3	rle-dict	rle-dict	rle-dict	delta-length-byte-array	7711890	8847066	4908328	910058	1.802460	9.721431	5.393423	4	encoding_experiment/page-256kib-rgsize-10mib-file-10mib/10000_rows/results/configs/2026-07-03_rows-10000-comp-zstd-3-int-rle-dict-str-delta-length-byte-array-date-rle-dict-ts-rle-dict.md	encoding_experiment/page-256kib-rgsize-10mib-file-10mib/10000_rows/tsvs/2026-07-03_rows-10000-comp-zstd-3-int-rle-dict-str-delta-length-byte-array-date-rle-dict-ts-rle-dict_columns.tsv	encoding_experiment/page-256kib-rgsize-10mib-file-10mib/10000_rows/parquet/rows-10000-comp-zstd-3-int-rle-dict-str-delta-length-byte-array-date-rle-dict-ts-rle-dict
