rank	int_encoding	date_encoding	timestamp_encoding	string_encoding	baseline_encoded_bytes	pre_compression	snappy_compression	zstd_compression	zstd_compression_no_encoding	pre_compression_result_file	snappy_result_file	zstd_result_file	zstd_no_encoding_result_file	pre_compression_column_stats_tsv	snappy_column_stats_tsv	zstd_column_stats_tsv	zstd_no_encoding_column_stats_tsv
1	plain	plain	plain	rle-dict	825621935	encoded_bytes=476656260 post_encoding_ratio=1.732112	compressed_bytes=107523527 post_compression_ratio=7.678524 codec_ratio=4.421847	compressed_bytes=74994244 post_compression_ratio=11.009137 codec_ratio=6.339213	compressed_bytes=86812277 post_compression_ratio=9.510428 codec_ratio=9.508359	encoding_experiment/page-256kib-rgsize-10mib-file-10mib-dictpage-1mib/1000000_rows/results/configs/2026-07-03_rows-1000000-comp-none-int-plain-str-rle-dict-date-plain-ts-plain.md	encoding_experiment/page-256kib-rgsize-10mib-file-10mib-dictpage-1mib/1000000_rows/results/configs/2026-07-03_rows-1000000-comp-snappy-int-plain-str-rle-dict-date-plain-ts-plain.md	encoding_experiment/page-256kib-rgsize-10mib-file-10mib-dictpage-1mib/1000000_rows/results/configs/2026-07-03_rows-1000000-comp-zstd-3-int-plain-str-rle-dict-date-plain-ts-plain.md	encoding_experiment/page-256kib-rgsize-10mib-file-10mib-dictpage-1mib/1000000_rows/results/configs/2026-07-03_rows-1000000-comp-zstd-3-int-plain-str-plain-date-plain-ts-plain.md	encoding_experiment/page-256kib-rgsize-10mib-file-10mib-dictpage-1mib/1000000_rows/tsvs/2026-07-03_rows-1000000-comp-none-int-plain-str-rle-dict-date-plain-ts-plain_columns.tsv	encoding_experiment/page-256kib-rgsize-10mib-file-10mib-dictpage-1mib/1000000_rows/tsvs/2026-07-03_rows-1000000-comp-snappy-int-plain-str-rle-dict-date-plain-ts-plain_columns.tsv	encoding_experiment/page-256kib-rgsize-10mib-file-10mib-dictpage-1mib/1000000_rows/tsvs/2026-07-03_rows-1000000-comp-zstd-3-int-plain-str-rle-dict-date-plain-ts-plain_columns.tsv	encoding_experiment/page-256kib-rgsize-10mib-file-10mib-dictpage-1mib/1000000_rows/tsvs/2026-07-03_rows-1000000-comp-zstd-3-int-plain-str-plain-date-plain-ts-plain_columns.tsv
2	plain	rle-dict	plain	rle-dict	825621935	encoded_bytes=472710213 post_encoding_ratio=1.746571	compressed_bytes=107323777 post_compression_ratio=7.692815 codec_ratio=4.392837	compressed_bytes=74995337 post_compression_ratio=11.008977 codec_ratio=6.285803	compressed_bytes=86812277 post_compression_ratio=9.510428 codec_ratio=9.508359	encoding_experiment/page-256kib-rgsize-10mib-file-10mib-dictpage-1mib/1000000_rows/results/configs/2026-07-03_rows-1000000-comp-none-int-plain-str-rle-dict-date-rle-dict-ts-plain.md	encoding_experiment/page-256kib-rgsize-10mib-file-10mib-dictpage-1mib/1000000_rows/results/configs/2026-07-03_rows-1000000-comp-snappy-int-plain-str-rle-dict-date-rle-dict-ts-plain.md	encoding_experiment/page-256kib-rgsize-10mib-file-10mib-dictpage-1mib/1000000_rows/results/configs/2026-07-03_rows-1000000-comp-zstd-3-int-plain-str-rle-dict-date-rle-dict-ts-plain.md	encoding_experiment/page-256kib-rgsize-10mib-file-10mib-dictpage-1mib/1000000_rows/results/configs/2026-07-03_rows-1000000-comp-zstd-3-int-plain-str-plain-date-plain-ts-plain.md	encoding_experiment/page-256kib-rgsize-10mib-file-10mib-dictpage-1mib/1000000_rows/tsvs/2026-07-03_rows-1000000-comp-none-int-plain-str-rle-dict-date-rle-dict-ts-plain_columns.tsv	encoding_experiment/page-256kib-rgsize-10mib-file-10mib-dictpage-1mib/1000000_rows/tsvs/2026-07-03_rows-1000000-comp-snappy-int-plain-str-rle-dict-date-rle-dict-ts-plain_columns.tsv	encoding_experiment/page-256kib-rgsize-10mib-file-10mib-dictpage-1mib/1000000_rows/tsvs/2026-07-03_rows-1000000-comp-zstd-3-int-plain-str-rle-dict-date-rle-dict-ts-plain_columns.tsv	encoding_experiment/page-256kib-rgsize-10mib-file-10mib-dictpage-1mib/1000000_rows/tsvs/2026-07-03_rows-1000000-comp-zstd-3-int-plain-str-plain-date-plain-ts-plain_columns.tsv
3	plain	rle-dict	rle-dict	rle-dict	825621935	encoded_bytes=470646188 post_encoding_ratio=1.754231	compressed_bytes=111042946 post_compression_ratio=7.435159 codec_ratio=4.227215	compressed_bytes=79525235 post_compression_ratio=10.381886 codec_ratio=5.901898	compressed_bytes=86812277 post_compression_ratio=9.510428 codec_ratio=9.508359	encoding_experiment/page-256kib-rgsize-10mib-file-10mib-dictpage-1mib/1000000_rows/results/configs/2026-07-03_rows-1000000-comp-none-int-plain-str-rle-dict-date-rle-dict-ts-rle-dict.md	encoding_experiment/page-256kib-rgsize-10mib-file-10mib-dictpage-1mib/1000000_rows/results/configs/2026-07-03_rows-1000000-comp-snappy-int-plain-str-rle-dict-date-rle-dict-ts-rle-dict.md	encoding_experiment/page-256kib-rgsize-10mib-file-10mib-dictpage-1mib/1000000_rows/results/configs/2026-07-03_rows-1000000-comp-zstd-3-int-plain-str-rle-dict-date-rle-dict-ts-rle-dict.md	encoding_experiment/page-256kib-rgsize-10mib-file-10mib-dictpage-1mib/1000000_rows/results/configs/2026-07-03_rows-1000000-comp-zstd-3-int-plain-str-plain-date-plain-ts-plain.md	encoding_experiment/page-256kib-rgsize-10mib-file-10mib-dictpage-1mib/1000000_rows/tsvs/2026-07-03_rows-1000000-comp-none-int-plain-str-rle-dict-date-rle-dict-ts-rle-dict_columns.tsv	encoding_experiment/page-256kib-rgsize-10mib-file-10mib-dictpage-1mib/1000000_rows/tsvs/2026-07-03_rows-1000000-comp-snappy-int-plain-str-rle-dict-date-rle-dict-ts-rle-dict_columns.tsv	encoding_experiment/page-256kib-rgsize-10mib-file-10mib-dictpage-1mib/1000000_rows/tsvs/2026-07-03_rows-1000000-comp-zstd-3-int-plain-str-rle-dict-date-rle-dict-ts-rle-dict_columns.tsv	encoding_experiment/page-256kib-rgsize-10mib-file-10mib-dictpage-1mib/1000000_rows/tsvs/2026-07-03_rows-1000000-comp-zstd-3-int-plain-str-plain-date-plain-ts-plain_columns.tsv
4	plain	plain	rle-dict	rle-dict	825621935	encoded_bytes=474644770 post_encoding_ratio=1.739452	compressed_bytes=111242239 post_compression_ratio=7.421839 codec_ratio=4.255595	compressed_bytes=79529029 post_compression_ratio=10.381391 codec_ratio=5.951867	compressed_bytes=86812277 post_compression_ratio=9.510428 codec_ratio=9.508359	encoding_experiment/page-256kib-rgsize-10mib-file-10mib-dictpage-1mib/1000000_rows/results/configs/2026-07-03_rows-1000000-comp-none-int-plain-str-rle-dict-date-plain-ts-rle-dict.md	encoding_experiment/page-256kib-rgsize-10mib-file-10mib-dictpage-1mib/1000000_rows/results/configs/2026-07-03_rows-1000000-comp-snappy-int-plain-str-rle-dict-date-plain-ts-rle-dict.md	encoding_experiment/page-256kib-rgsize-10mib-file-10mib-dictpage-1mib/1000000_rows/results/configs/2026-07-03_rows-1000000-comp-zstd-3-int-plain-str-rle-dict-date-plain-ts-rle-dict.md	encoding_experiment/page-256kib-rgsize-10mib-file-10mib-dictpage-1mib/1000000_rows/results/configs/2026-07-03_rows-1000000-comp-zstd-3-int-plain-str-plain-date-plain-ts-plain.md	encoding_experiment/page-256kib-rgsize-10mib-file-10mib-dictpage-1mib/1000000_rows/tsvs/2026-07-03_rows-1000000-comp-none-int-plain-str-rle-dict-date-plain-ts-rle-dict_columns.tsv	encoding_experiment/page-256kib-rgsize-10mib-file-10mib-dictpage-1mib/1000000_rows/tsvs/2026-07-03_rows-1000000-comp-snappy-int-plain-str-rle-dict-date-plain-ts-rle-dict_columns.tsv	encoding_experiment/page-256kib-rgsize-10mib-file-10mib-dictpage-1mib/1000000_rows/tsvs/2026-07-03_rows-1000000-comp-zstd-3-int-plain-str-rle-dict-date-plain-ts-rle-dict_columns.tsv	encoding_experiment/page-256kib-rgsize-10mib-file-10mib-dictpage-1mib/1000000_rows/tsvs/2026-07-03_rows-1000000-comp-zstd-3-int-plain-str-plain-date-plain-ts-plain_columns.tsv
5	rle-dict	rle-dict	plain	rle-dict	825621935	encoded_bytes=197065811 post_encoding_ratio=4.189575	compressed_bytes=98749045 post_compression_ratio=8.360809 codec_ratio=1.991827	compressed_bytes=81715131 post_compression_ratio=10.103660 codec_ratio=2.405532	compressed_bytes=86812277 post_compression_ratio=9.510428 codec_ratio=9.508359	encoding_experiment/page-256kib-rgsize-10mib-file-10mib-dictpage-1mib/1000000_rows/results/configs/2026-07-03_rows-1000000-comp-none-int-rle-dict-str-rle-dict-date-rle-dict-ts-plain.md	encoding_experiment/page-256kib-rgsize-10mib-file-10mib-dictpage-1mib/1000000_rows/results/configs/2026-07-03_rows-1000000-comp-snappy-int-rle-dict-str-rle-dict-date-rle-dict-ts-plain.md	encoding_experiment/page-256kib-rgsize-10mib-file-10mib-dictpage-1mib/1000000_rows/results/configs/2026-07-03_rows-1000000-comp-zstd-3-int-rle-dict-str-rle-dict-date-rle-dict-ts-plain.md	encoding_experiment/page-256kib-rgsize-10mib-file-10mib-dictpage-1mib/1000000_rows/results/configs/2026-07-03_rows-1000000-comp-zstd-3-int-plain-str-plain-date-plain-ts-plain.md	encoding_experiment/page-256kib-rgsize-10mib-file-10mib-dictpage-1mib/1000000_rows/tsvs/2026-07-03_rows-1000000-comp-none-int-rle-dict-str-rle-dict-date-rle-dict-ts-plain_columns.tsv	encoding_experiment/page-256kib-rgsize-10mib-file-10mib-dictpage-1mib/1000000_rows/tsvs/2026-07-03_rows-1000000-comp-snappy-int-rle-dict-str-rle-dict-date-rle-dict-ts-plain_columns.tsv	encoding_experiment/page-256kib-rgsize-10mib-file-10mib-dictpage-1mib/1000000_rows/tsvs/2026-07-03_rows-1000000-comp-zstd-3-int-rle-dict-str-rle-dict-date-rle-dict-ts-plain_columns.tsv	encoding_experiment/page-256kib-rgsize-10mib-file-10mib-dictpage-1mib/1000000_rows/tsvs/2026-07-03_rows-1000000-comp-zstd-3-int-plain-str-plain-date-plain-ts-plain_columns.tsv
6	rle-dict	plain	plain	rle-dict	825621935	encoded_bytes=201068221 post_encoding_ratio=4.106178	compressed_bytes=98959902 post_compression_ratio=8.342995 codec_ratio=2.028185	compressed_bytes=81726084 post_compression_ratio=10.102306 codec_ratio=2.454317	compressed_bytes=86812277 post_compression_ratio=9.510428 codec_ratio=9.508359	encoding_experiment/page-256kib-rgsize-10mib-file-10mib-dictpage-1mib/1000000_rows/results/configs/2026-07-03_rows-1000000-comp-none-int-rle-dict-str-rle-dict-date-plain-ts-plain.md	encoding_experiment/page-256kib-rgsize-10mib-file-10mib-dictpage-1mib/1000000_rows/results/configs/2026-07-03_rows-1000000-comp-snappy-int-rle-dict-str-rle-dict-date-plain-ts-plain.md	encoding_experiment/page-256kib-rgsize-10mib-file-10mib-dictpage-1mib/1000000_rows/results/configs/2026-07-03_rows-1000000-comp-zstd-3-int-rle-dict-str-rle-dict-date-plain-ts-plain.md	encoding_experiment/page-256kib-rgsize-10mib-file-10mib-dictpage-1mib/1000000_rows/results/configs/2026-07-03_rows-1000000-comp-zstd-3-int-plain-str-plain-date-plain-ts-plain.md	encoding_experiment/page-256kib-rgsize-10mib-file-10mib-dictpage-1mib/1000000_rows/tsvs/2026-07-03_rows-1000000-comp-none-int-rle-dict-str-rle-dict-date-plain-ts-plain_columns.tsv	encoding_experiment/page-256kib-rgsize-10mib-file-10mib-dictpage-1mib/1000000_rows/tsvs/2026-07-03_rows-1000000-comp-snappy-int-rle-dict-str-rle-dict-date-plain-ts-plain_columns.tsv	encoding_experiment/page-256kib-rgsize-10mib-file-10mib-dictpage-1mib/1000000_rows/tsvs/2026-07-03_rows-1000000-comp-zstd-3-int-rle-dict-str-rle-dict-date-plain-ts-plain_columns.tsv	encoding_experiment/page-256kib-rgsize-10mib-file-10mib-dictpage-1mib/1000000_rows/tsvs/2026-07-03_rows-1000000-comp-zstd-3-int-plain-str-plain-date-plain-ts-plain_columns.tsv
7	rle-dict	plain	rle-dict	rle-dict	825621935	encoded_bytes=199057141 post_encoding_ratio=4.147663	compressed_bytes=102683434 post_compression_ratio=8.040459 codec_ratio=1.934318	compressed_bytes=86376239 post_compression_ratio=9.558438 codec_ratio=2.298841	compressed_bytes=86812277 post_compression_ratio=9.510428 codec_ratio=9.508359	encoding_experiment/page-256kib-rgsize-10mib-file-10mib-dictpage-1mib/1000000_rows/results/configs/2026-07-03_rows-1000000-comp-none-int-rle-dict-str-rle-dict-date-plain-ts-rle-dict.md	encoding_experiment/page-256kib-rgsize-10mib-file-10mib-dictpage-1mib/1000000_rows/results/configs/2026-07-03_rows-1000000-comp-snappy-int-rle-dict-str-rle-dict-date-plain-ts-rle-dict.md	encoding_experiment/page-256kib-rgsize-10mib-file-10mib-dictpage-1mib/1000000_rows/results/configs/2026-07-03_rows-1000000-comp-zstd-3-int-rle-dict-str-rle-dict-date-plain-ts-rle-dict.md	encoding_experiment/page-256kib-rgsize-10mib-file-10mib-dictpage-1mib/1000000_rows/results/configs/2026-07-03_rows-1000000-comp-zstd-3-int-plain-str-plain-date-plain-ts-plain.md	encoding_experiment/page-256kib-rgsize-10mib-file-10mib-dictpage-1mib/1000000_rows/tsvs/2026-07-03_rows-1000000-comp-none-int-rle-dict-str-rle-dict-date-plain-ts-rle-dict_columns.tsv	encoding_experiment/page-256kib-rgsize-10mib-file-10mib-dictpage-1mib/1000000_rows/tsvs/2026-07-03_rows-1000000-comp-snappy-int-rle-dict-str-rle-dict-date-plain-ts-rle-dict_columns.tsv	encoding_experiment/page-256kib-rgsize-10mib-file-10mib-dictpage-1mib/1000000_rows/tsvs/2026-07-03_rows-1000000-comp-zstd-3-int-rle-dict-str-rle-dict-date-plain-ts-rle-dict_columns.tsv	encoding_experiment/page-256kib-rgsize-10mib-file-10mib-dictpage-1mib/1000000_rows/tsvs/2026-07-03_rows-1000000-comp-zstd-3-int-plain-str-plain-date-plain-ts-plain_columns.tsv
8	rle-dict	rle-dict	rle-dict	rle-dict	825621935	encoded_bytes=195070303 post_encoding_ratio=4.232433	compressed_bytes=102485767 post_compression_ratio=8.055967 codec_ratio=1.899190	compressed_bytes=86384156 post_compression_ratio=9.557562 codec_ratio=2.252212	compressed_bytes=86812277 post_compression_ratio=9.510428 codec_ratio=9.508359	encoding_experiment/page-256kib-rgsize-10mib-file-10mib-dictpage-1mib/1000000_rows/results/configs/2026-07-03_rows-1000000-comp-none-int-rle-dict-str-rle-dict-date-rle-dict-ts-rle-dict.md	encoding_experiment/page-256kib-rgsize-10mib-file-10mib-dictpage-1mib/1000000_rows/results/configs/2026-07-03_rows-1000000-comp-snappy-int-rle-dict-str-rle-dict-date-rle-dict-ts-rle-dict.md	encoding_experiment/page-256kib-rgsize-10mib-file-10mib-dictpage-1mib/1000000_rows/results/configs/2026-07-03_rows-1000000-comp-zstd-3-int-rle-dict-str-rle-dict-date-rle-dict-ts-rle-dict.md	encoding_experiment/page-256kib-rgsize-10mib-file-10mib-dictpage-1mib/1000000_rows/results/configs/2026-07-03_rows-1000000-comp-zstd-3-int-plain-str-plain-date-plain-ts-plain.md	encoding_experiment/page-256kib-rgsize-10mib-file-10mib-dictpage-1mib/1000000_rows/tsvs/2026-07-03_rows-1000000-comp-none-int-rle-dict-str-rle-dict-date-rle-dict-ts-rle-dict_columns.tsv	encoding_experiment/page-256kib-rgsize-10mib-file-10mib-dictpage-1mib/1000000_rows/tsvs/2026-07-03_rows-1000000-comp-snappy-int-rle-dict-str-rle-dict-date-rle-dict-ts-rle-dict_columns.tsv	encoding_experiment/page-256kib-rgsize-10mib-file-10mib-dictpage-1mib/1000000_rows/tsvs/2026-07-03_rows-1000000-comp-zstd-3-int-rle-dict-str-rle-dict-date-rle-dict-ts-rle-dict_columns.tsv	encoding_experiment/page-256kib-rgsize-10mib-file-10mib-dictpage-1mib/1000000_rows/tsvs/2026-07-03_rows-1000000-comp-zstd-3-int-plain-str-plain-date-plain-ts-plain_columns.tsv
9	plain	plain	plain	plain	825621935	encoded_bytes=825621935 post_encoding_ratio=1.000000	compressed_bytes=134316393 post_compression_ratio=6.146844 codec_ratio=6.145757	compressed_bytes=86812277 post_compression_ratio=9.510428 codec_ratio=9.508359	compressed_bytes=86812277 post_compression_ratio=9.510428 codec_ratio=9.508359	encoding_experiment/page-256kib-rgsize-10mib-file-10mib-dictpage-1mib/1000000_rows/results/configs/2026-07-03_rows-1000000-comp-none-int-plain-str-plain-date-plain-ts-plain.md	encoding_experiment/page-256kib-rgsize-10mib-file-10mib-dictpage-1mib/1000000_rows/results/configs/2026-07-03_rows-1000000-comp-snappy-int-plain-str-plain-date-plain-ts-plain.md	encoding_experiment/page-256kib-rgsize-10mib-file-10mib-dictpage-1mib/1000000_rows/results/configs/2026-07-03_rows-1000000-comp-zstd-3-int-plain-str-plain-date-plain-ts-plain.md	encoding_experiment/page-256kib-rgsize-10mib-file-10mib-dictpage-1mib/1000000_rows/results/configs/2026-07-03_rows-1000000-comp-zstd-3-int-plain-str-plain-date-plain-ts-plain.md	encoding_experiment/page-256kib-rgsize-10mib-file-10mib-dictpage-1mib/1000000_rows/tsvs/2026-07-03_rows-1000000-comp-none-int-plain-str-plain-date-plain-ts-plain_columns.tsv	encoding_experiment/page-256kib-rgsize-10mib-file-10mib-dictpage-1mib/1000000_rows/tsvs/2026-07-03_rows-1000000-comp-snappy-int-plain-str-plain-date-plain-ts-plain_columns.tsv	encoding_experiment/page-256kib-rgsize-10mib-file-10mib-dictpage-1mib/1000000_rows/tsvs/2026-07-03_rows-1000000-comp-zstd-3-int-plain-str-plain-date-plain-ts-plain_columns.tsv	encoding_experiment/page-256kib-rgsize-10mib-file-10mib-dictpage-1mib/1000000_rows/tsvs/2026-07-03_rows-1000000-comp-zstd-3-int-plain-str-plain-date-plain-ts-plain_columns.tsv
10	plain	rle-dict	plain	plain	825621935	encoded_bytes=822183283 post_encoding_ratio=1.004182	compressed_bytes=134119447 post_compression_ratio=6.155870 codec_ratio=6.124987	compressed_bytes=86813070 post_compression_ratio=9.510341 codec_ratio=9.462213	compressed_bytes=86812277 post_compression_ratio=9.510428 codec_ratio=9.508359	encoding_experiment/page-256kib-rgsize-10mib-file-10mib-dictpage-1mib/1000000_rows/results/configs/2026-07-03_rows-1000000-comp-none-int-plain-str-plain-date-rle-dict-ts-plain.md	encoding_experiment/page-256kib-rgsize-10mib-file-10mib-dictpage-1mib/1000000_rows/results/configs/2026-07-03_rows-1000000-comp-snappy-int-plain-str-plain-date-rle-dict-ts-plain.md	encoding_experiment/page-256kib-rgsize-10mib-file-10mib-dictpage-1mib/1000000_rows/results/configs/2026-07-03_rows-1000000-comp-zstd-3-int-plain-str-plain-date-rle-dict-ts-plain.md	encoding_experiment/page-256kib-rgsize-10mib-file-10mib-dictpage-1mib/1000000_rows/results/configs/2026-07-03_rows-1000000-comp-zstd-3-int-plain-str-plain-date-plain-ts-plain.md	encoding_experiment/page-256kib-rgsize-10mib-file-10mib-dictpage-1mib/1000000_rows/tsvs/2026-07-03_rows-1000000-comp-none-int-plain-str-plain-date-rle-dict-ts-plain_columns.tsv	encoding_experiment/page-256kib-rgsize-10mib-file-10mib-dictpage-1mib/1000000_rows/tsvs/2026-07-03_rows-1000000-comp-snappy-int-plain-str-plain-date-rle-dict-ts-plain_columns.tsv	encoding_experiment/page-256kib-rgsize-10mib-file-10mib-dictpage-1mib/1000000_rows/tsvs/2026-07-03_rows-1000000-comp-zstd-3-int-plain-str-plain-date-rle-dict-ts-plain_columns.tsv	encoding_experiment/page-256kib-rgsize-10mib-file-10mib-dictpage-1mib/1000000_rows/tsvs/2026-07-03_rows-1000000-comp-zstd-3-int-plain-str-plain-date-plain-ts-plain_columns.tsv
11	plain	plain	plain	delta-byte-array	825621935	encoded_bytes=519281252 post_encoding_ratio=1.589932	compressed_bytes=120804059 post_compression_ratio=6.834389 codec_ratio=4.295576	compressed_bytes=87749823 post_compression_ratio=9.408816 codec_ratio=5.913532	compressed_bytes=86812277 post_compression_ratio=9.510428 codec_ratio=9.508359	encoding_experiment/page-256kib-rgsize-10mib-file-10mib-dictpage-1mib/1000000_rows/results/configs/2026-07-03_rows-1000000-comp-none-int-plain-str-delta-byte-array-date-plain-ts-plain.md	encoding_experiment/page-256kib-rgsize-10mib-file-10mib-dictpage-1mib/1000000_rows/results/configs/2026-07-03_rows-1000000-comp-snappy-int-plain-str-delta-byte-array-date-plain-ts-plain.md	encoding_experiment/page-256kib-rgsize-10mib-file-10mib-dictpage-1mib/1000000_rows/results/configs/2026-07-03_rows-1000000-comp-zstd-3-int-plain-str-delta-byte-array-date-plain-ts-plain.md	encoding_experiment/page-256kib-rgsize-10mib-file-10mib-dictpage-1mib/1000000_rows/results/configs/2026-07-03_rows-1000000-comp-zstd-3-int-plain-str-plain-date-plain-ts-plain.md	encoding_experiment/page-256kib-rgsize-10mib-file-10mib-dictpage-1mib/1000000_rows/tsvs/2026-07-03_rows-1000000-comp-none-int-plain-str-delta-byte-array-date-plain-ts-plain_columns.tsv	encoding_experiment/page-256kib-rgsize-10mib-file-10mib-dictpage-1mib/1000000_rows/tsvs/2026-07-03_rows-1000000-comp-snappy-int-plain-str-delta-byte-array-date-plain-ts-plain_columns.tsv	encoding_experiment/page-256kib-rgsize-10mib-file-10mib-dictpage-1mib/1000000_rows/tsvs/2026-07-03_rows-1000000-comp-zstd-3-int-plain-str-delta-byte-array-date-plain-ts-plain_columns.tsv	encoding_experiment/page-256kib-rgsize-10mib-file-10mib-dictpage-1mib/1000000_rows/tsvs/2026-07-03_rows-1000000-comp-zstd-3-int-plain-str-plain-date-plain-ts-plain_columns.tsv
12	plain	rle-dict	plain	delta-byte-array	825621935	encoded_bytes=515280979 post_encoding_ratio=1.602275	compressed_bytes=120631127 post_compression_ratio=6.844187 codec_ratio=4.268601	compressed_bytes=87752370 post_compression_ratio=9.408543 codec_ratio=5.867824	compressed_bytes=86812277 post_compression_ratio=9.510428 codec_ratio=9.508359	encoding_experiment/page-256kib-rgsize-10mib-file-10mib-dictpage-1mib/1000000_rows/results/configs/2026-07-03_rows-1000000-comp-none-int-plain-str-delta-byte-array-date-rle-dict-ts-plain.md	encoding_experiment/page-256kib-rgsize-10mib-file-10mib-dictpage-1mib/1000000_rows/results/configs/2026-07-03_rows-1000000-comp-snappy-int-plain-str-delta-byte-array-date-rle-dict-ts-plain.md	encoding_experiment/page-256kib-rgsize-10mib-file-10mib-dictpage-1mib/1000000_rows/results/configs/2026-07-03_rows-1000000-comp-zstd-3-int-plain-str-delta-byte-array-date-rle-dict-ts-plain.md	encoding_experiment/page-256kib-rgsize-10mib-file-10mib-dictpage-1mib/1000000_rows/results/configs/2026-07-03_rows-1000000-comp-zstd-3-int-plain-str-plain-date-plain-ts-plain.md	encoding_experiment/page-256kib-rgsize-10mib-file-10mib-dictpage-1mib/1000000_rows/tsvs/2026-07-03_rows-1000000-comp-none-int-plain-str-delta-byte-array-date-rle-dict-ts-plain_columns.tsv	encoding_experiment/page-256kib-rgsize-10mib-file-10mib-dictpage-1mib/1000000_rows/tsvs/2026-07-03_rows-1000000-comp-snappy-int-plain-str-delta-byte-array-date-rle-dict-ts-plain_columns.tsv	encoding_experiment/page-256kib-rgsize-10mib-file-10mib-dictpage-1mib/1000000_rows/tsvs/2026-07-03_rows-1000000-comp-zstd-3-int-plain-str-delta-byte-array-date-rle-dict-ts-plain_columns.tsv	encoding_experiment/page-256kib-rgsize-10mib-file-10mib-dictpage-1mib/1000000_rows/tsvs/2026-07-03_rows-1000000-comp-zstd-3-int-plain-str-plain-date-plain-ts-plain_columns.tsv
13	plain	plain	plain	delta-length-byte-array	825621935	encoded_bytes=721820410 post_encoding_ratio=1.143805	compressed_bytes=131218811 post_compression_ratio=6.291948 codec_ratio=5.496353	compressed_bytes=89439267 post_compression_ratio=9.231090 codec_ratio=8.063402	compressed_bytes=86812277 post_compression_ratio=9.510428 codec_ratio=9.508359	encoding_experiment/page-256kib-rgsize-10mib-file-10mib-dictpage-1mib/1000000_rows/results/configs/2026-07-03_rows-1000000-comp-none-int-plain-str-delta-length-byte-array-date-plain-ts-plain.md	encoding_experiment/page-256kib-rgsize-10mib-file-10mib-dictpage-1mib/1000000_rows/results/configs/2026-07-03_rows-1000000-comp-snappy-int-plain-str-delta-length-byte-array-date-plain-ts-plain.md	encoding_experiment/page-256kib-rgsize-10mib-file-10mib-dictpage-1mib/1000000_rows/results/configs/2026-07-03_rows-1000000-comp-zstd-3-int-plain-str-delta-length-byte-array-date-plain-ts-plain.md	encoding_experiment/page-256kib-rgsize-10mib-file-10mib-dictpage-1mib/1000000_rows/results/configs/2026-07-03_rows-1000000-comp-zstd-3-int-plain-str-plain-date-plain-ts-plain.md	encoding_experiment/page-256kib-rgsize-10mib-file-10mib-dictpage-1mib/1000000_rows/tsvs/2026-07-03_rows-1000000-comp-none-int-plain-str-delta-length-byte-array-date-plain-ts-plain_columns.tsv	encoding_experiment/page-256kib-rgsize-10mib-file-10mib-dictpage-1mib/1000000_rows/tsvs/2026-07-03_rows-1000000-comp-snappy-int-plain-str-delta-length-byte-array-date-plain-ts-plain_columns.tsv	encoding_experiment/page-256kib-rgsize-10mib-file-10mib-dictpage-1mib/1000000_rows/tsvs/2026-07-03_rows-1000000-comp-zstd-3-int-plain-str-delta-length-byte-array-date-plain-ts-plain_columns.tsv	encoding_experiment/page-256kib-rgsize-10mib-file-10mib-dictpage-1mib/1000000_rows/tsvs/2026-07-03_rows-1000000-comp-zstd-3-int-plain-str-plain-date-plain-ts-plain_columns.tsv
14	plain	rle-dict	plain	delta-length-byte-array	825621935	encoded_bytes=717827940 post_encoding_ratio=1.150167	compressed_bytes=131021010 post_compression_ratio=6.301447 codec_ratio=5.474125	compressed_bytes=89440333 post_compression_ratio=9.230980 codec_ratio=8.018599	compressed_bytes=86812277 post_compression_ratio=9.510428 codec_ratio=9.508359	encoding_experiment/page-256kib-rgsize-10mib-file-10mib-dictpage-1mib/1000000_rows/results/configs/2026-07-03_rows-1000000-comp-none-int-plain-str-delta-length-byte-array-date-rle-dict-ts-plain.md	encoding_experiment/page-256kib-rgsize-10mib-file-10mib-dictpage-1mib/1000000_rows/results/configs/2026-07-03_rows-1000000-comp-snappy-int-plain-str-delta-length-byte-array-date-rle-dict-ts-plain.md	encoding_experiment/page-256kib-rgsize-10mib-file-10mib-dictpage-1mib/1000000_rows/results/configs/2026-07-03_rows-1000000-comp-zstd-3-int-plain-str-delta-length-byte-array-date-rle-dict-ts-plain.md	encoding_experiment/page-256kib-rgsize-10mib-file-10mib-dictpage-1mib/1000000_rows/results/configs/2026-07-03_rows-1000000-comp-zstd-3-int-plain-str-plain-date-plain-ts-plain.md	encoding_experiment/page-256kib-rgsize-10mib-file-10mib-dictpage-1mib/1000000_rows/tsvs/2026-07-03_rows-1000000-comp-none-int-plain-str-delta-length-byte-array-date-rle-dict-ts-plain_columns.tsv	encoding_experiment/page-256kib-rgsize-10mib-file-10mib-dictpage-1mib/1000000_rows/tsvs/2026-07-03_rows-1000000-comp-snappy-int-plain-str-delta-length-byte-array-date-rle-dict-ts-plain_columns.tsv	encoding_experiment/page-256kib-rgsize-10mib-file-10mib-dictpage-1mib/1000000_rows/tsvs/2026-07-03_rows-1000000-comp-zstd-3-int-plain-str-delta-length-byte-array-date-rle-dict-ts-plain_columns.tsv	encoding_experiment/page-256kib-rgsize-10mib-file-10mib-dictpage-1mib/1000000_rows/tsvs/2026-07-03_rows-1000000-comp-zstd-3-int-plain-str-plain-date-plain-ts-plain_columns.tsv
15	plain	plain	rle-dict	plain	825621935	encoded_bytes=824177912 post_encoding_ratio=1.001752	compressed_bytes=138062083 post_compression_ratio=5.980077 codec_ratio=5.964070	compressed_bytes=91376709 post_compression_ratio=9.035365 codec_ratio=9.010436	compressed_bytes=86812277 post_compression_ratio=9.510428 codec_ratio=9.508359	encoding_experiment/page-256kib-rgsize-10mib-file-10mib-dictpage-1mib/1000000_rows/results/configs/2026-07-03_rows-1000000-comp-none-int-plain-str-plain-date-plain-ts-rle-dict.md	encoding_experiment/page-256kib-rgsize-10mib-file-10mib-dictpage-1mib/1000000_rows/results/configs/2026-07-03_rows-1000000-comp-snappy-int-plain-str-plain-date-plain-ts-rle-dict.md	encoding_experiment/page-256kib-rgsize-10mib-file-10mib-dictpage-1mib/1000000_rows/results/configs/2026-07-03_rows-1000000-comp-zstd-3-int-plain-str-plain-date-plain-ts-rle-dict.md	encoding_experiment/page-256kib-rgsize-10mib-file-10mib-dictpage-1mib/1000000_rows/results/configs/2026-07-03_rows-1000000-comp-zstd-3-int-plain-str-plain-date-plain-ts-plain.md	encoding_experiment/page-256kib-rgsize-10mib-file-10mib-dictpage-1mib/1000000_rows/tsvs/2026-07-03_rows-1000000-comp-none-int-plain-str-plain-date-plain-ts-rle-dict_columns.tsv	encoding_experiment/page-256kib-rgsize-10mib-file-10mib-dictpage-1mib/1000000_rows/tsvs/2026-07-03_rows-1000000-comp-snappy-int-plain-str-plain-date-plain-ts-rle-dict_columns.tsv	encoding_experiment/page-256kib-rgsize-10mib-file-10mib-dictpage-1mib/1000000_rows/tsvs/2026-07-03_rows-1000000-comp-zstd-3-int-plain-str-plain-date-plain-ts-rle-dict_columns.tsv	encoding_experiment/page-256kib-rgsize-10mib-file-10mib-dictpage-1mib/1000000_rows/tsvs/2026-07-03_rows-1000000-comp-zstd-3-int-plain-str-plain-date-plain-ts-plain_columns.tsv
16	plain	rle-dict	rle-dict	plain	825621935	encoded_bytes=820174852 post_encoding_ratio=1.006641	compressed_bytes=137855747 post_compression_ratio=5.989028 codec_ratio=5.944015	compressed_bytes=91377768 post_compression_ratio=9.035260 codec_ratio=8.966573	compressed_bytes=86812277 post_compression_ratio=9.510428 codec_ratio=9.508359	encoding_experiment/page-256kib-rgsize-10mib-file-10mib-dictpage-1mib/1000000_rows/results/configs/2026-07-03_rows-1000000-comp-none-int-plain-str-plain-date-rle-dict-ts-rle-dict.md	encoding_experiment/page-256kib-rgsize-10mib-file-10mib-dictpage-1mib/1000000_rows/results/configs/2026-07-03_rows-1000000-comp-snappy-int-plain-str-plain-date-rle-dict-ts-rle-dict.md	encoding_experiment/page-256kib-rgsize-10mib-file-10mib-dictpage-1mib/1000000_rows/results/configs/2026-07-03_rows-1000000-comp-zstd-3-int-plain-str-plain-date-rle-dict-ts-rle-dict.md	encoding_experiment/page-256kib-rgsize-10mib-file-10mib-dictpage-1mib/1000000_rows/results/configs/2026-07-03_rows-1000000-comp-zstd-3-int-plain-str-plain-date-plain-ts-plain.md	encoding_experiment/page-256kib-rgsize-10mib-file-10mib-dictpage-1mib/1000000_rows/tsvs/2026-07-03_rows-1000000-comp-none-int-plain-str-plain-date-rle-dict-ts-rle-dict_columns.tsv	encoding_experiment/page-256kib-rgsize-10mib-file-10mib-dictpage-1mib/1000000_rows/tsvs/2026-07-03_rows-1000000-comp-snappy-int-plain-str-plain-date-rle-dict-ts-rle-dict_columns.tsv	encoding_experiment/page-256kib-rgsize-10mib-file-10mib-dictpage-1mib/1000000_rows/tsvs/2026-07-03_rows-1000000-comp-zstd-3-int-plain-str-plain-date-rle-dict-ts-rle-dict_columns.tsv	encoding_experiment/page-256kib-rgsize-10mib-file-10mib-dictpage-1mib/1000000_rows/tsvs/2026-07-03_rows-1000000-comp-zstd-3-int-plain-str-plain-date-plain-ts-plain_columns.tsv
17	plain	rle-dict	rle-dict	delta-byte-array	825621935	encoded_bytes=513215418 post_encoding_ratio=1.608724	compressed_bytes=124346078 post_compression_ratio=6.639710 codec_ratio=4.124237	compressed_bytes=92266260 post_compression_ratio=8.948254 codec_ratio=5.558033	compressed_bytes=86812277 post_compression_ratio=9.510428 codec_ratio=9.508359	encoding_experiment/page-256kib-rgsize-10mib-file-10mib-dictpage-1mib/1000000_rows/results/configs/2026-07-03_rows-1000000-comp-none-int-plain-str-delta-byte-array-date-rle-dict-ts-rle-dict.md	encoding_experiment/page-256kib-rgsize-10mib-file-10mib-dictpage-1mib/1000000_rows/results/configs/2026-07-03_rows-1000000-comp-snappy-int-plain-str-delta-byte-array-date-rle-dict-ts-rle-dict.md	encoding_experiment/page-256kib-rgsize-10mib-file-10mib-dictpage-1mib/1000000_rows/results/configs/2026-07-03_rows-1000000-comp-zstd-3-int-plain-str-delta-byte-array-date-rle-dict-ts-rle-dict.md	encoding_experiment/page-256kib-rgsize-10mib-file-10mib-dictpage-1mib/1000000_rows/results/configs/2026-07-03_rows-1000000-comp-zstd-3-int-plain-str-plain-date-plain-ts-plain.md	encoding_experiment/page-256kib-rgsize-10mib-file-10mib-dictpage-1mib/1000000_rows/tsvs/2026-07-03_rows-1000000-comp-none-int-plain-str-delta-byte-array-date-rle-dict-ts-rle-dict_columns.tsv	encoding_experiment/page-256kib-rgsize-10mib-file-10mib-dictpage-1mib/1000000_rows/tsvs/2026-07-03_rows-1000000-comp-snappy-int-plain-str-delta-byte-array-date-rle-dict-ts-rle-dict_columns.tsv	encoding_experiment/page-256kib-rgsize-10mib-file-10mib-dictpage-1mib/1000000_rows/tsvs/2026-07-03_rows-1000000-comp-zstd-3-int-plain-str-delta-byte-array-date-rle-dict-ts-rle-dict_columns.tsv	encoding_experiment/page-256kib-rgsize-10mib-file-10mib-dictpage-1mib/1000000_rows/tsvs/2026-07-03_rows-1000000-comp-zstd-3-int-plain-str-plain-date-plain-ts-plain_columns.tsv
18	plain	plain	rle-dict	delta-byte-array	825621935	encoded_bytes=517228826 post_encoding_ratio=1.596241	compressed_bytes=124558596 post_compression_ratio=6.628382 codec_ratio=4.149409	compressed_bytes=92266855 post_compression_ratio=8.948196 codec_ratio=5.601334	compressed_bytes=86812277 post_compression_ratio=9.510428 codec_ratio=9.508359	encoding_experiment/page-256kib-rgsize-10mib-file-10mib-dictpage-1mib/1000000_rows/results/configs/2026-07-03_rows-1000000-comp-none-int-plain-str-delta-byte-array-date-plain-ts-rle-dict.md	encoding_experiment/page-256kib-rgsize-10mib-file-10mib-dictpage-1mib/1000000_rows/results/configs/2026-07-03_rows-1000000-comp-snappy-int-plain-str-delta-byte-array-date-plain-ts-rle-dict.md	encoding_experiment/page-256kib-rgsize-10mib-file-10mib-dictpage-1mib/1000000_rows/results/configs/2026-07-03_rows-1000000-comp-zstd-3-int-plain-str-delta-byte-array-date-plain-ts-rle-dict.md	encoding_experiment/page-256kib-rgsize-10mib-file-10mib-dictpage-1mib/1000000_rows/results/configs/2026-07-03_rows-1000000-comp-zstd-3-int-plain-str-plain-date-plain-ts-plain.md	encoding_experiment/page-256kib-rgsize-10mib-file-10mib-dictpage-1mib/1000000_rows/tsvs/2026-07-03_rows-1000000-comp-none-int-plain-str-delta-byte-array-date-plain-ts-rle-dict_columns.tsv	encoding_experiment/page-256kib-rgsize-10mib-file-10mib-dictpage-1mib/1000000_rows/tsvs/2026-07-03_rows-1000000-comp-snappy-int-plain-str-delta-byte-array-date-plain-ts-rle-dict_columns.tsv	encoding_experiment/page-256kib-rgsize-10mib-file-10mib-dictpage-1mib/1000000_rows/tsvs/2026-07-03_rows-1000000-comp-zstd-3-int-plain-str-delta-byte-array-date-plain-ts-rle-dict_columns.tsv	encoding_experiment/page-256kib-rgsize-10mib-file-10mib-dictpage-1mib/1000000_rows/tsvs/2026-07-03_rows-1000000-comp-zstd-3-int-plain-str-plain-date-plain-ts-plain_columns.tsv
19	rle-dict	rle-dict	plain	plain	825621935	encoded_bytes=546843883 post_encoding_ratio=1.509795	compressed_bytes=125487274 post_compression_ratio=6.579328 codec_ratio=4.356705	compressed_bytes=93563215 post_compression_ratio=8.824215 codec_ratio=5.843516	compressed_bytes=86812277 post_compression_ratio=9.510428 codec_ratio=9.508359	encoding_experiment/page-256kib-rgsize-10mib-file-10mib-dictpage-1mib/1000000_rows/results/configs/2026-07-03_rows-1000000-comp-none-int-rle-dict-str-plain-date-rle-dict-ts-plain.md	encoding_experiment/page-256kib-rgsize-10mib-file-10mib-dictpage-1mib/1000000_rows/results/configs/2026-07-03_rows-1000000-comp-snappy-int-rle-dict-str-plain-date-rle-dict-ts-plain.md	encoding_experiment/page-256kib-rgsize-10mib-file-10mib-dictpage-1mib/1000000_rows/results/configs/2026-07-03_rows-1000000-comp-zstd-3-int-rle-dict-str-plain-date-rle-dict-ts-plain.md	encoding_experiment/page-256kib-rgsize-10mib-file-10mib-dictpage-1mib/1000000_rows/results/configs/2026-07-03_rows-1000000-comp-zstd-3-int-plain-str-plain-date-plain-ts-plain.md	encoding_experiment/page-256kib-rgsize-10mib-file-10mib-dictpage-1mib/1000000_rows/tsvs/2026-07-03_rows-1000000-comp-none-int-rle-dict-str-plain-date-rle-dict-ts-plain_columns.tsv	encoding_experiment/page-256kib-rgsize-10mib-file-10mib-dictpage-1mib/1000000_rows/tsvs/2026-07-03_rows-1000000-comp-snappy-int-rle-dict-str-plain-date-rle-dict-ts-plain_columns.tsv	encoding_experiment/page-256kib-rgsize-10mib-file-10mib-dictpage-1mib/1000000_rows/tsvs/2026-07-03_rows-1000000-comp-zstd-3-int-rle-dict-str-plain-date-rle-dict-ts-plain_columns.tsv	encoding_experiment/page-256kib-rgsize-10mib-file-10mib-dictpage-1mib/1000000_rows/tsvs/2026-07-03_rows-1000000-comp-zstd-3-int-plain-str-plain-date-plain-ts-plain_columns.tsv
20	rle-dict	plain	plain	plain	825621935	encoded_bytes=550848612 post_encoding_ratio=1.498818	compressed_bytes=125671544 post_compression_ratio=6.569681 codec_ratio=4.381959	compressed_bytes=93577314 post_compression_ratio=8.822886 codec_ratio=5.885234	compressed_bytes=86812277 post_compression_ratio=9.510428 codec_ratio=9.508359	encoding_experiment/page-256kib-rgsize-10mib-file-10mib-dictpage-1mib/1000000_rows/results/configs/2026-07-03_rows-1000000-comp-none-int-rle-dict-str-plain-date-plain-ts-plain.md	encoding_experiment/page-256kib-rgsize-10mib-file-10mib-dictpage-1mib/1000000_rows/results/configs/2026-07-03_rows-1000000-comp-snappy-int-rle-dict-str-plain-date-plain-ts-plain.md	encoding_experiment/page-256kib-rgsize-10mib-file-10mib-dictpage-1mib/1000000_rows/results/configs/2026-07-03_rows-1000000-comp-zstd-3-int-rle-dict-str-plain-date-plain-ts-plain.md	encoding_experiment/page-256kib-rgsize-10mib-file-10mib-dictpage-1mib/1000000_rows/results/configs/2026-07-03_rows-1000000-comp-zstd-3-int-plain-str-plain-date-plain-ts-plain.md	encoding_experiment/page-256kib-rgsize-10mib-file-10mib-dictpage-1mib/1000000_rows/tsvs/2026-07-03_rows-1000000-comp-none-int-rle-dict-str-plain-date-plain-ts-plain_columns.tsv	encoding_experiment/page-256kib-rgsize-10mib-file-10mib-dictpage-1mib/1000000_rows/tsvs/2026-07-03_rows-1000000-comp-snappy-int-rle-dict-str-plain-date-plain-ts-plain_columns.tsv	encoding_experiment/page-256kib-rgsize-10mib-file-10mib-dictpage-1mib/1000000_rows/tsvs/2026-07-03_rows-1000000-comp-zstd-3-int-rle-dict-str-plain-date-plain-ts-plain_columns.tsv	encoding_experiment/page-256kib-rgsize-10mib-file-10mib-dictpage-1mib/1000000_rows/tsvs/2026-07-03_rows-1000000-comp-zstd-3-int-plain-str-plain-date-plain-ts-plain_columns.tsv
21	plain	rle-dict	rle-dict	delta-length-byte-array	825621935	encoded_bytes=715787295 post_encoding_ratio=1.153446	compressed_bytes=134796005 post_compression_ratio=6.124973 codec_ratio=5.305439	compressed_bytes=93993415 post_compression_ratio=8.783827 codec_ratio=7.607917	compressed_bytes=86812277 post_compression_ratio=9.510428 codec_ratio=9.508359	encoding_experiment/page-256kib-rgsize-10mib-file-10mib-dictpage-1mib/1000000_rows/results/configs/2026-07-03_rows-1000000-comp-none-int-plain-str-delta-length-byte-array-date-rle-dict-ts-rle-dict.md	encoding_experiment/page-256kib-rgsize-10mib-file-10mib-dictpage-1mib/1000000_rows/results/configs/2026-07-03_rows-1000000-comp-snappy-int-plain-str-delta-length-byte-array-date-rle-dict-ts-rle-dict.md	encoding_experiment/page-256kib-rgsize-10mib-file-10mib-dictpage-1mib/1000000_rows/results/configs/2026-07-03_rows-1000000-comp-zstd-3-int-plain-str-delta-length-byte-array-date-rle-dict-ts-rle-dict.md	encoding_experiment/page-256kib-rgsize-10mib-file-10mib-dictpage-1mib/1000000_rows/results/configs/2026-07-03_rows-1000000-comp-zstd-3-int-plain-str-plain-date-plain-ts-plain.md	encoding_experiment/page-256kib-rgsize-10mib-file-10mib-dictpage-1mib/1000000_rows/tsvs/2026-07-03_rows-1000000-comp-none-int-plain-str-delta-length-byte-array-date-rle-dict-ts-rle-dict_columns.tsv	encoding_experiment/page-256kib-rgsize-10mib-file-10mib-dictpage-1mib/1000000_rows/tsvs/2026-07-03_rows-1000000-comp-snappy-int-plain-str-delta-length-byte-array-date-rle-dict-ts-rle-dict_columns.tsv	encoding_experiment/page-256kib-rgsize-10mib-file-10mib-dictpage-1mib/1000000_rows/tsvs/2026-07-03_rows-1000000-comp-zstd-3-int-plain-str-delta-length-byte-array-date-rle-dict-ts-rle-dict_columns.tsv	encoding_experiment/page-256kib-rgsize-10mib-file-10mib-dictpage-1mib/1000000_rows/tsvs/2026-07-03_rows-1000000-comp-zstd-3-int-plain-str-plain-date-plain-ts-plain_columns.tsv
22	plain	plain	rle-dict	delta-length-byte-array	825621935	encoded_bytes=719798384 post_encoding_ratio=1.147018	compressed_bytes=134982207 post_compression_ratio=6.116524 codec_ratio=5.327797	compressed_bytes=93993545 post_compression_ratio=8.783815 codec_ratio=7.650451	compressed_bytes=86812277 post_compression_ratio=9.510428 codec_ratio=9.508359	encoding_experiment/page-256kib-rgsize-10mib-file-10mib-dictpage-1mib/1000000_rows/results/configs/2026-07-03_rows-1000000-comp-none-int-plain-str-delta-length-byte-array-date-plain-ts-rle-dict.md	encoding_experiment/page-256kib-rgsize-10mib-file-10mib-dictpage-1mib/1000000_rows/results/configs/2026-07-03_rows-1000000-comp-snappy-int-plain-str-delta-length-byte-array-date-plain-ts-rle-dict.md	encoding_experiment/page-256kib-rgsize-10mib-file-10mib-dictpage-1mib/1000000_rows/results/configs/2026-07-03_rows-1000000-comp-zstd-3-int-plain-str-delta-length-byte-array-date-plain-ts-rle-dict.md	encoding_experiment/page-256kib-rgsize-10mib-file-10mib-dictpage-1mib/1000000_rows/results/configs/2026-07-03_rows-1000000-comp-zstd-3-int-plain-str-plain-date-plain-ts-plain.md	encoding_experiment/page-256kib-rgsize-10mib-file-10mib-dictpage-1mib/1000000_rows/tsvs/2026-07-03_rows-1000000-comp-none-int-plain-str-delta-length-byte-array-date-plain-ts-rle-dict_columns.tsv	encoding_experiment/page-256kib-rgsize-10mib-file-10mib-dictpage-1mib/1000000_rows/tsvs/2026-07-03_rows-1000000-comp-snappy-int-plain-str-delta-length-byte-array-date-plain-ts-rle-dict_columns.tsv	encoding_experiment/page-256kib-rgsize-10mib-file-10mib-dictpage-1mib/1000000_rows/tsvs/2026-07-03_rows-1000000-comp-zstd-3-int-plain-str-delta-length-byte-array-date-plain-ts-rle-dict_columns.tsv	encoding_experiment/page-256kib-rgsize-10mib-file-10mib-dictpage-1mib/1000000_rows/tsvs/2026-07-03_rows-1000000-comp-zstd-3-int-plain-str-plain-date-plain-ts-plain_columns.tsv
23	rle-dict	plain	plain	delta-byte-array	825621935	encoded_bytes=244234502 post_encoding_ratio=3.380448	compressed_bytes=112217737 post_compression_ratio=7.357321 codec_ratio=2.175867	compressed_bytes=94509964 post_compression_ratio=8.735819 codec_ratio=2.583950	compressed_bytes=86812277 post_compression_ratio=9.510428 codec_ratio=9.508359	encoding_experiment/page-256kib-rgsize-10mib-file-10mib-dictpage-1mib/1000000_rows/results/configs/2026-07-03_rows-1000000-comp-none-int-rle-dict-str-delta-byte-array-date-plain-ts-plain.md	encoding_experiment/page-256kib-rgsize-10mib-file-10mib-dictpage-1mib/1000000_rows/results/configs/2026-07-03_rows-1000000-comp-snappy-int-rle-dict-str-delta-byte-array-date-plain-ts-plain.md	encoding_experiment/page-256kib-rgsize-10mib-file-10mib-dictpage-1mib/1000000_rows/results/configs/2026-07-03_rows-1000000-comp-zstd-3-int-rle-dict-str-delta-byte-array-date-plain-ts-plain.md	encoding_experiment/page-256kib-rgsize-10mib-file-10mib-dictpage-1mib/1000000_rows/results/configs/2026-07-03_rows-1000000-comp-zstd-3-int-plain-str-plain-date-plain-ts-plain.md	encoding_experiment/page-256kib-rgsize-10mib-file-10mib-dictpage-1mib/1000000_rows/tsvs/2026-07-03_rows-1000000-comp-none-int-rle-dict-str-delta-byte-array-date-plain-ts-plain_columns.tsv	encoding_experiment/page-256kib-rgsize-10mib-file-10mib-dictpage-1mib/1000000_rows/tsvs/2026-07-03_rows-1000000-comp-snappy-int-rle-dict-str-delta-byte-array-date-plain-ts-plain_columns.tsv	encoding_experiment/page-256kib-rgsize-10mib-file-10mib-dictpage-1mib/1000000_rows/tsvs/2026-07-03_rows-1000000-comp-zstd-3-int-rle-dict-str-delta-byte-array-date-plain-ts-plain_columns.tsv	encoding_experiment/page-256kib-rgsize-10mib-file-10mib-dictpage-1mib/1000000_rows/tsvs/2026-07-03_rows-1000000-comp-zstd-3-int-plain-str-plain-date-plain-ts-plain_columns.tsv
24	rle-dict	rle-dict	plain	delta-byte-array	825621935	encoded_bytes=240187745 post_encoding_ratio=3.437402	compressed_bytes=112001391 post_compression_ratio=7.371533 codec_ratio=2.144145	compressed_bytes=94511284 post_compression_ratio=8.735697 codec_ratio=2.541641	compressed_bytes=86812277 post_compression_ratio=9.510428 codec_ratio=9.508359	encoding_experiment/page-256kib-rgsize-10mib-file-10mib-dictpage-1mib/1000000_rows/results/configs/2026-07-03_rows-1000000-comp-none-int-rle-dict-str-delta-byte-array-date-rle-dict-ts-plain.md	encoding_experiment/page-256kib-rgsize-10mib-file-10mib-dictpage-1mib/1000000_rows/results/configs/2026-07-03_rows-1000000-comp-snappy-int-rle-dict-str-delta-byte-array-date-rle-dict-ts-plain.md	encoding_experiment/page-256kib-rgsize-10mib-file-10mib-dictpage-1mib/1000000_rows/results/configs/2026-07-03_rows-1000000-comp-zstd-3-int-rle-dict-str-delta-byte-array-date-rle-dict-ts-plain.md	encoding_experiment/page-256kib-rgsize-10mib-file-10mib-dictpage-1mib/1000000_rows/results/configs/2026-07-03_rows-1000000-comp-zstd-3-int-plain-str-plain-date-plain-ts-plain.md	encoding_experiment/page-256kib-rgsize-10mib-file-10mib-dictpage-1mib/1000000_rows/tsvs/2026-07-03_rows-1000000-comp-none-int-rle-dict-str-delta-byte-array-date-rle-dict-ts-plain_columns.tsv	encoding_experiment/page-256kib-rgsize-10mib-file-10mib-dictpage-1mib/1000000_rows/tsvs/2026-07-03_rows-1000000-comp-snappy-int-rle-dict-str-delta-byte-array-date-rle-dict-ts-plain_columns.tsv	encoding_experiment/page-256kib-rgsize-10mib-file-10mib-dictpage-1mib/1000000_rows/tsvs/2026-07-03_rows-1000000-comp-zstd-3-int-rle-dict-str-delta-byte-array-date-rle-dict-ts-plain_columns.tsv	encoding_experiment/page-256kib-rgsize-10mib-file-10mib-dictpage-1mib/1000000_rows/tsvs/2026-07-03_rows-1000000-comp-zstd-3-int-plain-str-plain-date-plain-ts-plain_columns.tsv
25	rle-dict	rle-dict	plain	delta-length-byte-array	825621935	encoded_bytes=442512104 post_encoding_ratio=1.865761	compressed_bytes=122368491 post_compression_ratio=6.747014 codec_ratio=3.615585	compressed_bytes=96179335 post_compression_ratio=8.584193 codec_ratio=4.600623	compressed_bytes=86812277 post_compression_ratio=9.510428 codec_ratio=9.508359	encoding_experiment/page-256kib-rgsize-10mib-file-10mib-dictpage-1mib/1000000_rows/results/configs/2026-07-03_rows-1000000-comp-none-int-rle-dict-str-delta-length-byte-array-date-rle-dict-ts-plain.md	encoding_experiment/page-256kib-rgsize-10mib-file-10mib-dictpage-1mib/1000000_rows/results/configs/2026-07-03_rows-1000000-comp-snappy-int-rle-dict-str-delta-length-byte-array-date-rle-dict-ts-plain.md	encoding_experiment/page-256kib-rgsize-10mib-file-10mib-dictpage-1mib/1000000_rows/results/configs/2026-07-03_rows-1000000-comp-zstd-3-int-rle-dict-str-delta-length-byte-array-date-rle-dict-ts-plain.md	encoding_experiment/page-256kib-rgsize-10mib-file-10mib-dictpage-1mib/1000000_rows/results/configs/2026-07-03_rows-1000000-comp-zstd-3-int-plain-str-plain-date-plain-ts-plain.md	encoding_experiment/page-256kib-rgsize-10mib-file-10mib-dictpage-1mib/1000000_rows/tsvs/2026-07-03_rows-1000000-comp-none-int-rle-dict-str-delta-length-byte-array-date-rle-dict-ts-plain_columns.tsv	encoding_experiment/page-256kib-rgsize-10mib-file-10mib-dictpage-1mib/1000000_rows/tsvs/2026-07-03_rows-1000000-comp-snappy-int-rle-dict-str-delta-length-byte-array-date-rle-dict-ts-plain_columns.tsv	encoding_experiment/page-256kib-rgsize-10mib-file-10mib-dictpage-1mib/1000000_rows/tsvs/2026-07-03_rows-1000000-comp-zstd-3-int-rle-dict-str-delta-length-byte-array-date-rle-dict-ts-plain_columns.tsv	encoding_experiment/page-256kib-rgsize-10mib-file-10mib-dictpage-1mib/1000000_rows/tsvs/2026-07-03_rows-1000000-comp-zstd-3-int-plain-str-plain-date-plain-ts-plain_columns.tsv
26	rle-dict	plain	plain	delta-length-byte-array	825621935	encoded_bytes=446504544 post_encoding_ratio=1.849078	compressed_bytes=122575240 post_compression_ratio=6.735634 codec_ratio=3.642118	compressed_bytes=96188048 post_compression_ratio=8.583415 codec_ratio=4.641688	compressed_bytes=86812277 post_compression_ratio=9.510428 codec_ratio=9.508359	encoding_experiment/page-256kib-rgsize-10mib-file-10mib-dictpage-1mib/1000000_rows/results/configs/2026-07-03_rows-1000000-comp-none-int-rle-dict-str-delta-length-byte-array-date-plain-ts-plain.md	encoding_experiment/page-256kib-rgsize-10mib-file-10mib-dictpage-1mib/1000000_rows/results/configs/2026-07-03_rows-1000000-comp-snappy-int-rle-dict-str-delta-length-byte-array-date-plain-ts-plain.md	encoding_experiment/page-256kib-rgsize-10mib-file-10mib-dictpage-1mib/1000000_rows/results/configs/2026-07-03_rows-1000000-comp-zstd-3-int-rle-dict-str-delta-length-byte-array-date-plain-ts-plain.md	encoding_experiment/page-256kib-rgsize-10mib-file-10mib-dictpage-1mib/1000000_rows/results/configs/2026-07-03_rows-1000000-comp-zstd-3-int-plain-str-plain-date-plain-ts-plain.md	encoding_experiment/page-256kib-rgsize-10mib-file-10mib-dictpage-1mib/1000000_rows/tsvs/2026-07-03_rows-1000000-comp-none-int-rle-dict-str-delta-length-byte-array-date-plain-ts-plain_columns.tsv	encoding_experiment/page-256kib-rgsize-10mib-file-10mib-dictpage-1mib/1000000_rows/tsvs/2026-07-03_rows-1000000-comp-snappy-int-rle-dict-str-delta-length-byte-array-date-plain-ts-plain_columns.tsv	encoding_experiment/page-256kib-rgsize-10mib-file-10mib-dictpage-1mib/1000000_rows/tsvs/2026-07-03_rows-1000000-comp-zstd-3-int-rle-dict-str-delta-length-byte-array-date-plain-ts-plain_columns.tsv	encoding_experiment/page-256kib-rgsize-10mib-file-10mib-dictpage-1mib/1000000_rows/tsvs/2026-07-03_rows-1000000-comp-zstd-3-int-plain-str-plain-date-plain-ts-plain_columns.tsv
27	rle-dict	rle-dict	rle-dict	plain	825621935	encoded_bytes=544885411 post_encoding_ratio=1.515221	compressed_bytes=129204438 post_compression_ratio=6.390043 codec_ratio=4.215053	compressed_bytes=98094661 post_compression_ratio=8.416584 codec_ratio=5.552232	compressed_bytes=86812277 post_compression_ratio=9.510428 codec_ratio=9.508359	encoding_experiment/page-256kib-rgsize-10mib-file-10mib-dictpage-1mib/1000000_rows/results/configs/2026-07-03_rows-1000000-comp-none-int-rle-dict-str-plain-date-rle-dict-ts-rle-dict.md	encoding_experiment/page-256kib-rgsize-10mib-file-10mib-dictpage-1mib/1000000_rows/results/configs/2026-07-03_rows-1000000-comp-snappy-int-rle-dict-str-plain-date-rle-dict-ts-rle-dict.md	encoding_experiment/page-256kib-rgsize-10mib-file-10mib-dictpage-1mib/1000000_rows/results/configs/2026-07-03_rows-1000000-comp-zstd-3-int-rle-dict-str-plain-date-rle-dict-ts-rle-dict.md	encoding_experiment/page-256kib-rgsize-10mib-file-10mib-dictpage-1mib/1000000_rows/results/configs/2026-07-03_rows-1000000-comp-zstd-3-int-plain-str-plain-date-plain-ts-plain.md	encoding_experiment/page-256kib-rgsize-10mib-file-10mib-dictpage-1mib/1000000_rows/tsvs/2026-07-03_rows-1000000-comp-none-int-rle-dict-str-plain-date-rle-dict-ts-rle-dict_columns.tsv	encoding_experiment/page-256kib-rgsize-10mib-file-10mib-dictpage-1mib/1000000_rows/tsvs/2026-07-03_rows-1000000-comp-snappy-int-rle-dict-str-plain-date-rle-dict-ts-rle-dict_columns.tsv	encoding_experiment/page-256kib-rgsize-10mib-file-10mib-dictpage-1mib/1000000_rows/tsvs/2026-07-03_rows-1000000-comp-zstd-3-int-rle-dict-str-plain-date-rle-dict-ts-rle-dict_columns.tsv	encoding_experiment/page-256kib-rgsize-10mib-file-10mib-dictpage-1mib/1000000_rows/tsvs/2026-07-03_rows-1000000-comp-zstd-3-int-plain-str-plain-date-plain-ts-plain_columns.tsv
28	rle-dict	plain	rle-dict	plain	825621935	encoded_bytes=548890904 post_encoding_ratio=1.504164	compressed_bytes=129398595 post_compression_ratio=6.380455 codec_ratio=4.239626	compressed_bytes=98099739 post_compression_ratio=8.416148 codec_ratio=5.592696	compressed_bytes=86812277 post_compression_ratio=9.510428 codec_ratio=9.508359	encoding_experiment/page-256kib-rgsize-10mib-file-10mib-dictpage-1mib/1000000_rows/results/configs/2026-07-03_rows-1000000-comp-none-int-rle-dict-str-plain-date-plain-ts-rle-dict.md	encoding_experiment/page-256kib-rgsize-10mib-file-10mib-dictpage-1mib/1000000_rows/results/configs/2026-07-03_rows-1000000-comp-snappy-int-rle-dict-str-plain-date-plain-ts-rle-dict.md	encoding_experiment/page-256kib-rgsize-10mib-file-10mib-dictpage-1mib/1000000_rows/results/configs/2026-07-03_rows-1000000-comp-zstd-3-int-rle-dict-str-plain-date-plain-ts-rle-dict.md	encoding_experiment/page-256kib-rgsize-10mib-file-10mib-dictpage-1mib/1000000_rows/results/configs/2026-07-03_rows-1000000-comp-zstd-3-int-plain-str-plain-date-plain-ts-plain.md	encoding_experiment/page-256kib-rgsize-10mib-file-10mib-dictpage-1mib/1000000_rows/tsvs/2026-07-03_rows-1000000-comp-none-int-rle-dict-str-plain-date-plain-ts-rle-dict_columns.tsv	encoding_experiment/page-256kib-rgsize-10mib-file-10mib-dictpage-1mib/1000000_rows/tsvs/2026-07-03_rows-1000000-comp-snappy-int-rle-dict-str-plain-date-plain-ts-rle-dict_columns.tsv	encoding_experiment/page-256kib-rgsize-10mib-file-10mib-dictpage-1mib/1000000_rows/tsvs/2026-07-03_rows-1000000-comp-zstd-3-int-rle-dict-str-plain-date-plain-ts-rle-dict_columns.tsv	encoding_experiment/page-256kib-rgsize-10mib-file-10mib-dictpage-1mib/1000000_rows/tsvs/2026-07-03_rows-1000000-comp-zstd-3-int-plain-str-plain-date-plain-ts-plain_columns.tsv
29	rle-dict	plain	rle-dict	delta-byte-array	825621935	encoded_bytes=242245216 post_encoding_ratio=3.408207	compressed_bytes=115938095 post_compression_ratio=7.121231 codec_ratio=2.087881	compressed_bytes=99020332 post_compression_ratio=8.337903 codec_ratio=2.445053	compressed_bytes=86812277 post_compression_ratio=9.510428 codec_ratio=9.508359	encoding_experiment/page-256kib-rgsize-10mib-file-10mib-dictpage-1mib/1000000_rows/results/configs/2026-07-03_rows-1000000-comp-none-int-rle-dict-str-delta-byte-array-date-plain-ts-rle-dict.md	encoding_experiment/page-256kib-rgsize-10mib-file-10mib-dictpage-1mib/1000000_rows/results/configs/2026-07-03_rows-1000000-comp-snappy-int-rle-dict-str-delta-byte-array-date-plain-ts-rle-dict.md	encoding_experiment/page-256kib-rgsize-10mib-file-10mib-dictpage-1mib/1000000_rows/results/configs/2026-07-03_rows-1000000-comp-zstd-3-int-rle-dict-str-delta-byte-array-date-plain-ts-rle-dict.md	encoding_experiment/page-256kib-rgsize-10mib-file-10mib-dictpage-1mib/1000000_rows/results/configs/2026-07-03_rows-1000000-comp-zstd-3-int-plain-str-plain-date-plain-ts-plain.md	encoding_experiment/page-256kib-rgsize-10mib-file-10mib-dictpage-1mib/1000000_rows/tsvs/2026-07-03_rows-1000000-comp-none-int-rle-dict-str-delta-byte-array-date-plain-ts-rle-dict_columns.tsv	encoding_experiment/page-256kib-rgsize-10mib-file-10mib-dictpage-1mib/1000000_rows/tsvs/2026-07-03_rows-1000000-comp-snappy-int-rle-dict-str-delta-byte-array-date-plain-ts-rle-dict_columns.tsv	encoding_experiment/page-256kib-rgsize-10mib-file-10mib-dictpage-1mib/1000000_rows/tsvs/2026-07-03_rows-1000000-comp-zstd-3-int-rle-dict-str-delta-byte-array-date-plain-ts-rle-dict_columns.tsv	encoding_experiment/page-256kib-rgsize-10mib-file-10mib-dictpage-1mib/1000000_rows/tsvs/2026-07-03_rows-1000000-comp-zstd-3-int-plain-str-plain-date-plain-ts-plain_columns.tsv
30	rle-dict	rle-dict	rle-dict	delta-byte-array	825621935	encoded_bytes=238248541 post_encoding_ratio=3.465381	compressed_bytes=115730517 post_compression_ratio=7.134004 codec_ratio=2.057004	compressed_bytes=99021395 post_compression_ratio=8.337814 codec_ratio=2.404646	compressed_bytes=86812277 post_compression_ratio=9.510428 codec_ratio=9.508359	encoding_experiment/page-256kib-rgsize-10mib-file-10mib-dictpage-1mib/1000000_rows/results/configs/2026-07-03_rows-1000000-comp-none-int-rle-dict-str-delta-byte-array-date-rle-dict-ts-rle-dict.md	encoding_experiment/page-256kib-rgsize-10mib-file-10mib-dictpage-1mib/1000000_rows/results/configs/2026-07-03_rows-1000000-comp-snappy-int-rle-dict-str-delta-byte-array-date-rle-dict-ts-rle-dict.md	encoding_experiment/page-256kib-rgsize-10mib-file-10mib-dictpage-1mib/1000000_rows/results/configs/2026-07-03_rows-1000000-comp-zstd-3-int-rle-dict-str-delta-byte-array-date-rle-dict-ts-rle-dict.md	encoding_experiment/page-256kib-rgsize-10mib-file-10mib-dictpage-1mib/1000000_rows/results/configs/2026-07-03_rows-1000000-comp-zstd-3-int-plain-str-plain-date-plain-ts-plain.md	encoding_experiment/page-256kib-rgsize-10mib-file-10mib-dictpage-1mib/1000000_rows/tsvs/2026-07-03_rows-1000000-comp-none-int-rle-dict-str-delta-byte-array-date-rle-dict-ts-rle-dict_columns.tsv	encoding_experiment/page-256kib-rgsize-10mib-file-10mib-dictpage-1mib/1000000_rows/tsvs/2026-07-03_rows-1000000-comp-snappy-int-rle-dict-str-delta-byte-array-date-rle-dict-ts-rle-dict_columns.tsv	encoding_experiment/page-256kib-rgsize-10mib-file-10mib-dictpage-1mib/1000000_rows/tsvs/2026-07-03_rows-1000000-comp-zstd-3-int-rle-dict-str-delta-byte-array-date-rle-dict-ts-rle-dict_columns.tsv	encoding_experiment/page-256kib-rgsize-10mib-file-10mib-dictpage-1mib/1000000_rows/tsvs/2026-07-03_rows-1000000-comp-zstd-3-int-plain-str-plain-date-plain-ts-plain_columns.tsv
31	rle-dict	plain	rle-dict	delta-length-byte-array	825621935	encoded_bytes=444554028 post_encoding_ratio=1.857191	compressed_bytes=126316703 post_compression_ratio=6.536126 codec_ratio=3.517816	compressed_bytes=100692555 post_compression_ratio=8.199434 codec_ratio=4.413167	compressed_bytes=86812277 post_compression_ratio=9.510428 codec_ratio=9.508359	encoding_experiment/page-256kib-rgsize-10mib-file-10mib-dictpage-1mib/1000000_rows/results/configs/2026-07-03_rows-1000000-comp-none-int-rle-dict-str-delta-length-byte-array-date-plain-ts-rle-dict.md	encoding_experiment/page-256kib-rgsize-10mib-file-10mib-dictpage-1mib/1000000_rows/results/configs/2026-07-03_rows-1000000-comp-snappy-int-rle-dict-str-delta-length-byte-array-date-plain-ts-rle-dict.md	encoding_experiment/page-256kib-rgsize-10mib-file-10mib-dictpage-1mib/1000000_rows/results/configs/2026-07-03_rows-1000000-comp-zstd-3-int-rle-dict-str-delta-length-byte-array-date-plain-ts-rle-dict.md	encoding_experiment/page-256kib-rgsize-10mib-file-10mib-dictpage-1mib/1000000_rows/results/configs/2026-07-03_rows-1000000-comp-zstd-3-int-plain-str-plain-date-plain-ts-plain.md	encoding_experiment/page-256kib-rgsize-10mib-file-10mib-dictpage-1mib/1000000_rows/tsvs/2026-07-03_rows-1000000-comp-none-int-rle-dict-str-delta-length-byte-array-date-plain-ts-rle-dict_columns.tsv	encoding_experiment/page-256kib-rgsize-10mib-file-10mib-dictpage-1mib/1000000_rows/tsvs/2026-07-03_rows-1000000-comp-snappy-int-rle-dict-str-delta-length-byte-array-date-plain-ts-rle-dict_columns.tsv	encoding_experiment/page-256kib-rgsize-10mib-file-10mib-dictpage-1mib/1000000_rows/tsvs/2026-07-03_rows-1000000-comp-zstd-3-int-rle-dict-str-delta-length-byte-array-date-plain-ts-rle-dict_columns.tsv	encoding_experiment/page-256kib-rgsize-10mib-file-10mib-dictpage-1mib/1000000_rows/tsvs/2026-07-03_rows-1000000-comp-zstd-3-int-plain-str-plain-date-plain-ts-plain_columns.tsv
32	rle-dict	rle-dict	rle-dict	delta-length-byte-array	825621935	encoded_bytes=440554123 post_encoding_ratio=1.874053	compressed_bytes=126123962 post_compression_ratio=6.546115 codec_ratio=3.491458	compressed_bytes=100693654 post_compression_ratio=8.199344 codec_ratio=4.373408	compressed_bytes=86812277 post_compression_ratio=9.510428 codec_ratio=9.508359	encoding_experiment/page-256kib-rgsize-10mib-file-10mib-dictpage-1mib/1000000_rows/results/configs/2026-07-03_rows-1000000-comp-none-int-rle-dict-str-delta-length-byte-array-date-rle-dict-ts-rle-dict.md	encoding_experiment/page-256kib-rgsize-10mib-file-10mib-dictpage-1mib/1000000_rows/results/configs/2026-07-03_rows-1000000-comp-snappy-int-rle-dict-str-delta-length-byte-array-date-rle-dict-ts-rle-dict.md	encoding_experiment/page-256kib-rgsize-10mib-file-10mib-dictpage-1mib/1000000_rows/results/configs/2026-07-03_rows-1000000-comp-zstd-3-int-rle-dict-str-delta-length-byte-array-date-rle-dict-ts-rle-dict.md	encoding_experiment/page-256kib-rgsize-10mib-file-10mib-dictpage-1mib/1000000_rows/results/configs/2026-07-03_rows-1000000-comp-zstd-3-int-plain-str-plain-date-plain-ts-plain.md	encoding_experiment/page-256kib-rgsize-10mib-file-10mib-dictpage-1mib/1000000_rows/tsvs/2026-07-03_rows-1000000-comp-none-int-rle-dict-str-delta-length-byte-array-date-rle-dict-ts-rle-dict_columns.tsv	encoding_experiment/page-256kib-rgsize-10mib-file-10mib-dictpage-1mib/1000000_rows/tsvs/2026-07-03_rows-1000000-comp-snappy-int-rle-dict-str-delta-length-byte-array-date-rle-dict-ts-rle-dict_columns.tsv	encoding_experiment/page-256kib-rgsize-10mib-file-10mib-dictpage-1mib/1000000_rows/tsvs/2026-07-03_rows-1000000-comp-zstd-3-int-rle-dict-str-delta-length-byte-array-date-rle-dict-ts-rle-dict_columns.tsv	encoding_experiment/page-256kib-rgsize-10mib-file-10mib-dictpage-1mib/1000000_rows/tsvs/2026-07-03_rows-1000000-comp-zstd-3-int-plain-str-plain-date-plain-ts-plain_columns.tsv
